2026-07-28 17:35:05,175 - aqt.main - INFO - installer 135559562450240 aqtinstall(aqt) v3.3.0 on Python 3.12.3 [CPython GCC 13.3.0]
2026-07-28 17:35:05,176 - aqt.helper - DEBUG - helper 135559562450240 Attempt to download checksum at https://download.qt.io/online/qtsdkrepository/linux_x64/desktop/qt6_6110/qt6_6110/Updates.xml.sha256
2026-07-28 17:35:12,312 - aqt.helper - DEBUG - helper 135559562450240 Attempt to download checksum at https://download.qt.io/online/qtsdkrepository/linux_x64/extensions/qtwebengine/6110/x86_64/Updates.xml.sha256
2026-07-28 17:35:23,514 - aqt.archives - INFO - archives 135559562450240 Found extension qtwebengine
2026-07-28 17:35:23,514 - aqt.helper - DEBUG - helper 135559562450240 Attempt to download checksum at https://download.qt.io/online/qtsdkrepository/linux_x64/extensions/qtpdf/6110/x86_64/Updates.xml.sha256
2026-07-28 17:35:27,079 - aqt.archives - INFO - archives 135559562450240 Found extension qtpdf
2026-07-28 17:35:27,085 - aqt.main - ERROR - installer 135559562450240 The packages ['qt_base'] were not found while parsing XML of package information!
==============================Suggested follow-up:==============================
* Please use 'aqt list-qt linux desktop --arch 6.11.0' to show architectures available.
2026-07-28 17:45:47,211 - aqt.helper - DEBUG - helper 135885632206144 Attempt to download checksum at https://download.qt.io/online/qtsdkrepository/linux_x64/desktop/qt6_6110/qt6_6110/Updates.xml.sha256
2026-07-28 17:48:58,906 - aqt.main - INFO - installer 125145832170816 aqtinstall(aqt) v3.3.0 on Python 3.12.3 [CPython GCC 13.3.0]
2026-07-28 17:48:58,906 - aqt.helper - DEBUG - helper 125145832170816 Attempt to download checksum at https://download.qt.io/online/qtsdkrepository/linux_x64/desktop/qt6_6110/qt6_6110/Updates.xml.sha256
2026-07-28 17:49:03,187 - aqt.helper - DEBUG - helper 125145832170816 Attempt to download checksum at https://download.qt.io/online/qtsdkrepository/linux_x64/extensions/qtwebengine/6110/x86_64/Updates.xml.sha256
2026-07-28 17:49:09,315 - aqt.archives - INFO - archives 125145832170816 Found extension qtwebengine
2026-07-28 17:49:09,315 - aqt.helper - DEBUG - helper 125145832170816 Attempt to download checksum at https://download.qt.io/online/qtsdkrepository/linux_x64/extensions/qtpdf/6110/x86_64/Updates.xml.sha256
2026-07-28 17:49:18,916 - aqt.archives - INFO - archives 125145832170816 Found extension qtpdf
2026-07-28 17:49:19,088 - aqt.helper - DEBUG - helper 131591828432192 Attempt to download checksum at https://download.qt.io/online/qtsdkrepository/linux_x64/desktop/qt6_6110/qt6_6110/qt.qt6.6110.linux_gcc_64/6.11.0-0-202603180534qtbase-Linux-RHEL_9_6-GCC-Linux-RHEL_9_6-X86_64.7z.sha256
2026-07-28 17:49:19,089 - aqt.helper - DEBUG - helper 125775250498880 Attempt to download checksum at https://download.qt.io/online/qtsdkrepository/linux_x64/desktop/qt6_6110/qt6_6110/qt.qt6.6110.linux_gcc_64/6.11.0-0-202603180534qtsvg-Linux-RHEL_9_6-GCC-Linux-RHEL_9_6-X86_64.7z.sha256
2026-07-28 17:49:19,089 - aqt.helper - DEBUG - helper 138178786563392 Attempt to download checksum at https://download.qt.io/online/qtsdkrepository/linux_x64/desktop/qt6_6110/qt6_6110/qt.qt6.6110.linux_gcc_64/6.11.0-0-202603180534qtdeclarative-Linux-RHEL_9_6-GCC-Linux-RHEL_9_6-X86_64.7z.sha256
2026-07-28 17:49:19,091 - aqt.helper - DEBUG - helper 127195035600192 Attempt to download checksum at https://download.qt.io/online/qtsdkrepository/linux_x64/desktop/qt6_6110/qt6_6110/qt.qt6.6110.linux_gcc_64/6.11.0-0-202603180534qtdoc-Linux-RHEL_9_6-GCC-Linux-RHEL_9_6-X86_64.7z.sha256
2026-07-28 17:49:20,936 - aqt.helper - INFO - helper 127195035600192 Downloading qtdoc...
2026-07-28 17:49:20,937 - aqt.installer - DEBUG - installer 127195035600192 Download URL: https://download.qt.io/online/qtsdkrepository/linux_x64/desktop/qt6_6110/qt6_6110/qt.qt6.6110.linux_gcc_64/6.11.0-0-202603180534qtdoc-Linux-RHEL_9_6-GCC-Linux-RHEL_9_6-X86_64.7z
2026-07-28 17:49:21,147 - aqt.helper - INFO - helper 125775250498880 Downloading qtsvg...
2026-07-28 17:49:21,147 - aqt.installer - DEBUG - installer 125775250498880 Download URL: https://download.qt.io/online/qtsdkrepository/linux_x64/desktop/qt6_6110/qt6_6110/qt.qt6.6110.linux_gcc_64/6.11.0-0-202603180534qtsvg-Linux-RHEL_9_6-GCC-Linux-RHEL_9_6-X86_64.7z
2026-07-28 17:49:23,033 - aqt.helper - INFO - helper 138178786563392 Downloading qtdeclarative...
2026-07-28 17:49:23,033 - aqt.installer - DEBUG - installer 138178786563392 Download URL: https://download.qt.io/online/qtsdkrepository/linux_x64/desktop/qt6_6110/qt6_6110/qt.qt6.6110.linux_gcc_64/6.11.0-0-202603180534qtdeclarative-Linux-RHEL_9_6-GCC-Linux-RHEL_9_6-X86_64.7z
2026-07-28 17:49:23,366 - aqt.helper - DEBUG - helper 125775250498880 Asked to redirect(302) to: https://mirror.accum.se/mirror/qt.io/qtproject/online/qtsdkrepository/linux_x64/desktop/qt6_6110/qt6_6110/qt.qt6.6110.linux_gcc_64/6.11.0-0-202603180534qtsvg-Linux-RHEL_9_6-GCC-Linux-RHEL_9_6-X86_64.7z
2026-07-28 17:49:23,366 - aqt.helper - INFO - helper 125775250498880 Redirected: mirror.accum.se
2026-07-28 17:49:23,658 - aqt.helper - INFO - helper 131591828432192 Downloading qtbase...
2026-07-28 17:49:23,658 - aqt.installer - DEBUG - installer 131591828432192 Download URL: https://download.qt.io/online/qtsdkrepository/linux_x64/desktop/qt6_6110/qt6_6110/qt.qt6.6110.linux_gcc_64/6.11.0-0-202603180534qtbase-Linux-RHEL_9_6-GCC-Linux-RHEL_9_6-X86_64.7z
2026-07-28 17:49:24,827 - aqt.helper - DEBUG - helper 138178786563392 Asked to redirect(302) to: https://mirrors.ukfast.co.uk/sites/qt.io/online/qtsdkrepository/linux_x64/desktop/qt6_6110/qt6_6110/qt.qt6.6110.linux_gcc_64/6.11.0-0-202603180534qtdeclarative-Linux-RHEL_9_6-GCC-Linux-RHEL_9_6-X86_64.7z
2026-07-28 17:49:24,827 - aqt.helper - INFO - helper 138178786563392 Redirected: mirrors.ukfast.co.uk
2026-07-28 17:49:25,402 - aqt.helper - DEBUG - helper 131591828432192 Asked to redirect(302) to: https://mirrors.ukfast.co.uk/sites/qt.io/online/qtsdkrepository/linux_x64/desktop/qt6_6110/qt6_6110/qt.qt6.6110.linux_gcc_64/6.11.0-0-202603180534qtbase-Linux-RHEL_9_6-GCC-Linux-RHEL_9_6-X86_64.7z
2026-07-28 17:49:25,402 - aqt.helper - INFO - helper 131591828432192 Redirected: mirrors.ukfast.co.uk
2026-07-28 17:49:26,180 - aqt.helper - DEBUG - helper 127195035600192 Asked to redirect(302) to: https://ftp.jaist.ac.jp/pub/qtproject/online/qtsdkrepository/linux_x64/desktop/qt6_6110/qt6_6110/qt.qt6.6110.linux_gcc_64/6.11.0-0-202603180534qtdoc-Linux-RHEL_9_6-GCC-Linux-RHEL_9_6-X86_64.7z
2026-07-28 17:49:26,180 - aqt.helper - INFO - helper 127195035600192 Redirected: ftp.jaist.ac.jp
2026-07-28 17:49:31,535 - aqt.installer - INFO - installer 127195035600192 Finished installation of qtdoc-Linux-RHEL_9_6-GCC-Linux-RHEL_9_6-X86_64.7z in 12.91997611
2026-07-28 17:49:31,543 - aqt.helper - DEBUG - helper 127195035600192 Attempt to download checksum at https://download.qt.io/online/qtsdkrepository/linux_x64/desktop/qt6_6110/qt6_6110/qt.qt6.6110.linux_gcc_64/6.11.0-0-202603180534qttools-Linux-RHEL_9_6-GCC-Linux-RHEL_9_6-X86_64.7z.sha256
2026-07-28 17:49:33,404 - aqt.installer - INFO - installer 125775250498880 Finished installation of qtsvg-Linux-RHEL_9_6-GCC-Linux-RHEL_9_6-X86_64.7z in 14.79097682
2026-07-28 17:49:33,412 - aqt.helper - DEBUG - helper 125775250498880 Attempt to download checksum at https://download.qt.io/online/qtsdkrepository/linux_x64/desktop/qt6_6110/qt6_6110/qt.qt6.6110.linux_gcc_64/6.11.0-0-202603180534qttranslations-Linux-RHEL_9_6-GCC-Linux-RHEL_9_6-X86_64.7z.sha256
2026-07-28 17:49:36,689 - aqt.helper - INFO - helper 125775250498880 Downloading qttranslations...
2026-07-28 17:49:36,689 - aqt.installer - DEBUG - installer 125775250498880 Download URL: https://download.qt.io/online/qtsdkrepository/linux_x64/desktop/qt6_6110/qt6_6110/qt.qt6.6110.linux_gcc_64/6.11.0-0-202603180534qttranslations-Linux-RHEL_9_6-GCC-Linux-RHEL_9_6-X86_64.7z
2026-07-28 17:49:37,219 - aqt.helper - INFO - helper 127195035600192 Downloading qttools...
2026-07-28 17:49:37,219 - aqt.installer - DEBUG - installer 127195035600192 Download URL: https://download.qt.io/online/qtsdkrepository/linux_x64/desktop/qt6_6110/qt6_6110/qt.qt6.6110.linux_gcc_64/6.11.0-0-202603180534qttools-Linux-RHEL_9_6-GCC-Linux-RHEL_9_6-X86_64.7z
2026-07-28 17:49:37,417 - aqt.installer - INFO - installer 131591828432192 Finished installation of qtbase-Linux-RHEL_9_6-GCC-Linux-RHEL_9_6-X86_64.7z in 18.80546073
2026-07-28 17:49:37,427 - aqt.helper - DEBUG - helper 131591828432192 Attempt to download checksum at https://download.qt.io/online/qtsdkrepository/linux_x64/desktop/qt6_6110/qt6_6110/qt.qt6.6110.linux_gcc_64/6.11.0-0-202603180534qtwayland-Linux-RHEL_9_6-GCC-Linux-RHEL_9_6-X86_64.7z.sha256
2026-07-28 17:49:38,445 - aqt.helper - DEBUG - helper 125775250498880 Asked to redirect(302) to: https://mirror.aarnet.edu.au/pub/qtproject/online/qtsdkrepository/linux_x64/desktop/qt6_6110/qt6_6110/qt.qt6.6110.linux_gcc_64/6.11.0-0-202603180534qttranslations-Linux-RHEL_9_6-GCC-Linux-RHEL_9_6-X86_64.7z
2026-07-28 17:49:38,445 - aqt.helper - INFO - helper 125775250498880 Redirected: mirror.aarnet.edu.au
2026-07-28 17:49:38,944 - aqt.helper - DEBUG - helper 127195035600192 Asked to redirect(302) to: https://ftp.jaist.ac.jp/pub/qtproject/online/qtsdkrepository/linux_x64/desktop/qt6_6110/qt6_6110/qt.qt6.6110.linux_gcc_64/6.11.0-0-202603180534qttools-Linux-RHEL_9_6-GCC-Linux-RHEL_9_6-X86_64.7z
2026-07-28 17:49:38,944 - aqt.helper - INFO - helper 127195035600192 Redirected: ftp.jaist.ac.jp
2026-07-28 17:49:39,397 - aqt.helper - INFO - helper 131591828432192 Downloading qtwayland...
2026-07-28 17:49:39,397 - aqt.installer - DEBUG - installer 131591828432192 Download URL: https://download.qt.io/online/qtsdkrepository/linux_x64/desktop/qt6_6110/qt6_6110/qt.qt6.6110.linux_gcc_64/6.11.0-0-202603180534qtwayland-Linux-RHEL_9_6-GCC-Linux-RHEL_9_6-X86_64.7z
2026-07-28 17:49:41,630 - aqt.helper - DEBUG - helper 131591828432192 Asked to redirect(302) to: https://mirror.aarnet.edu.au/pub/qtproject/online/qtsdkrepository/linux_x64/desktop/qt6_6110/qt6_6110/qt.qt6.6110.linux_gcc_64/6.11.0-0-202603180534qtwayland-Linux-RHEL_9_6-GCC-Linux-RHEL_9_6-X86_64.7z
2026-07-28 17:49:41,630 - aqt.helper - INFO - helper 131591828432192 Redirected: mirror.aarnet.edu.au
2026-07-28 17:49:44,870 - aqt.installer - INFO - installer 125775250498880 Finished installation of qttranslations-Linux-RHEL_9_6-GCC-Linux-RHEL_9_6-X86_64.7z in 11.45923876
2026-07-28 17:49:44,878 - aqt.helper - DEBUG - helper 125775250498880 Attempt to download checksum at https://download.qt.io/online/qtsdkrepository/linux_x64/desktop/qt6_6110/qt6_6110/qt.qt6.6110.linux_gcc_64/6.11.0-0-202603180534icu-linux-Rhel8.6-x86_64.7z.sha256
2026-07-28 17:49:46,779 - aqt.helper - INFO - helper 125775250498880 Downloading icu...
2026-07-28 17:49:46,779 - aqt.installer - DEBUG - installer 125775250498880 Download URL: https://download.qt.io/online/qtsdkrepository/linux_x64/desktop/qt6_6110/qt6_6110/qt.qt6.6110.linux_gcc_64/6.11.0-0-202603180534icu-linux-Rhel8.6-x86_64.7z
2026-07-28 17:49:47,724 - aqt.installer - INFO - installer 131591828432192 Finished installation of qtwayland-Linux-RHEL_9_6-GCC-Linux-RHEL_9_6-X86_64.7z in 10.29800491
2026-07-28 17:49:50,430 - aqt.helper - DEBUG - helper 125775250498880 Asked to redirect(302) to: https://mirrors.20i.com/pub/qt.io/online/qtsdkrepository/linux_x64/desktop/qt6_6110/qt6_6110/qt.qt6.6110.linux_gcc_64/6.11.0-0-202603180534icu-linux-Rhel8.6-x86_64.7z
2026-07-28 17:49:50,430 - aqt.helper - INFO - helper 125775250498880 Redirected: mirrors.20i.com
2026-07-28 17:49:55,281 - aqt.installer - INFO - installer 125775250498880 Finished installation of icu-linux-Rhel8.6-x86_64.7z in 10.40425208
2026-07-28 17:50:16,630 - aqt.installer - INFO - installer 127195035600192 Finished installation of qttools-Linux-RHEL_9_6-GCC-Linux-RHEL_9_6-X86_64.7z in 45.08713085
2026-07-28 17:50:34,318 - aqt.installer - INFO - installer 138178786563392 Finished installation of qtdeclarative-Linux-RHEL_9_6-GCC-Linux-RHEL_9_6-X86_64.7z in 75.70487986
2026-07-28 17:50:34,399 - aqt.updater - INFO - updater 125145832170816 Patching /home/hit/Qt/6.11.0/gcc_64/bin/qmake
2026-07-28 17:50:34,402 - aqt.updater - INFO - updater 125145832170816 Patching /home/hit/Qt/6.11.0/gcc_64/lib/pkgconfig/Qt6LabsAnimation.pc
2026-07-28 17:50:34,402 - aqt.updater - INFO - updater 125145832170816 Patching /home/hit/Qt/6.11.0/gcc_64/lib/pkgconfig/Qt6QuickControls2Fusion.pc
2026-07-28 17:50:34,402 - aqt.updater - INFO - updater 125145832170816 Patching /home/hit/Qt/6.11.0/gcc_64/lib/pkgconfig/Qt6QmlCore.pc
2026-07-28 17:50:34,402 - aqt.updater - INFO - updater 125145832170816 Patching /home/hit/Qt/6.11.0/gcc_64/lib/pkgconfig/Qt6Help.pc
2026-07-28 17:50:34,403 - aqt.updater - INFO - updater 125145832170816 Patching /home/hit/Qt/6.11.0/gcc_64/lib/pkgconfig/Qt6Test.pc
2026-07-28 17:50:34,403 - aqt.updater - INFO - updater 125145832170816 Patching /home/hit/Qt/6.11.0/gcc_64/lib/pkgconfig/Qt6QuickDialogs2Utils.pc
2026-07-28 17:50:34,403 - aqt.updater - INFO - updater 125145832170816 Patching /home/hit/Qt/6.11.0/gcc_64/lib/pkgconfig/Qt6QmlIntegration.pc
2026-07-28 17:50:34,403 - aqt.updater - INFO - updater 125145832170816 Patching /home/hit/Qt/6.11.0/gcc_64/lib/pkgconfig/Qt6QuickTest.pc
2026-07-28 17:50:34,403 - aqt.updater - INFO - updater 125145832170816 Patching /home/hit/Qt/6.11.0/gcc_64/lib/pkgconfig/Qt6QuickShapes.pc
2026-07-28 17:50:34,403 - aqt.updater - INFO - updater 125145832170816 Patching /home/hit/Qt/6.11.0/gcc_64/lib/pkgconfig/Qt6DBus.pc
2026-07-28 17:50:34,403 - aqt.updater - INFO - updater 125145832170816 Patching /home/hit/Qt/6.11.0/gcc_64/lib/pkgconfig/Qt6QuickControls2Impl.pc
2026-07-28 17:50:34,403 - aqt.updater - INFO - updater 125145832170816 Patching /home/hit/Qt/6.11.0/gcc_64/lib/pkgconfig/Qt6Network.pc
2026-07-28 17:50:34,403 - aqt.updater - INFO - updater 125145832170816 Patching /home/hit/Qt/6.11.0/gcc_64/lib/pkgconfig/Qt6QuickControls2Basic.pc
2026-07-28 17:50:34,403 - aqt.updater - INFO - updater 125145832170816 Patching /home/hit/Qt/6.11.0/gcc_64/lib/pkgconfig/Qt6Sql.pc
2026-07-28 17:50:34,404 - aqt.updater - INFO - updater 125145832170816 Patching /home/hit/Qt/6.11.0/gcc_64/lib/pkgconfig/Qt6Xml.pc
2026-07-28 17:50:34,404 - aqt.updater - INFO - updater 125145832170816 Patching /home/hit/Qt/6.11.0/gcc_64/lib/pkgconfig/Qt6OpenGLWidgets.pc
2026-07-28 17:50:34,404 - aqt.updater - INFO - updater 125145832170816 Patching /home/hit/Qt/6.11.0/gcc_64/lib/pkgconfig/Qt6QuickVectorImage.pc
2026-07-28 17:50:34,404 - aqt.updater - INFO - updater 125145832170816 Patching /home/hit/Qt/6.11.0/gcc_64/lib/pkgconfig/Qt6LabsStyleKitImpl.pc
2026-07-28 17:50:34,405 - aqt.updater - INFO - updater 125145832170816 Patching /home/hit/Qt/6.11.0/gcc_64/lib/pkgconfig/Qt6QmlCompiler.pc
2026-07-28 17:50:34,405 - aqt.updater - INFO - updater 125145832170816 Patching /home/hit/Qt/6.11.0/gcc_64/lib/pkgconfig/Qt6QuickLayouts.pc
2026-07-28 17:50:34,405 - aqt.updater - INFO - updater 125145832170816 Patching /home/hit/Qt/6.11.0/gcc_64/lib/pkgconfig/Qt6Linguist.pc
2026-07-28 17:50:34,405 - aqt.updater - INFO - updater 125145832170816 Patching /home/hit/Qt/6.11.0/gcc_64/lib/pkgconfig/Qt6QmlXmlListModel.pc
2026-07-28 17:50:34,405 - aqt.updater - INFO - updater 125145832170816 Patching /home/hit/Qt/6.11.0/gcc_64/lib/pkgconfig/Qt6QuickTemplates2.pc
2026-07-28 17:50:34,405 - aqt.updater - INFO - updater 125145832170816 Patching /home/hit/Qt/6.11.0/gcc_64/lib/pkgconfig/Qt6QuickControls2UniversalStyleImpl.pc
2026-07-28 17:50:34,405 - aqt.updater - INFO - updater 125145832170816 Patching /home/hit/Qt/6.11.0/gcc_64/lib/pkgconfig/Qt6LabsPlatform.pc
2026-07-28 17:50:34,405 - aqt.updater - INFO - updater 125145832170816 Patching /home/hit/Qt/6.11.0/gcc_64/lib/pkgconfig/Qt6SvgWidgets.pc
2026-07-28 17:50:34,405 - aqt.updater - INFO - updater 125145832170816 Patching /home/hit/Qt/6.11.0/gcc_64/lib/pkgconfig/Qt6QuickControls2.pc
2026-07-28 17:50:34,405 - aqt.updater - INFO - updater 125145832170816 Patching /home/hit/Qt/6.11.0/gcc_64/lib/pkgconfig/Qt6LabsSettings.pc
2026-07-28 17:50:34,405 - aqt.updater - INFO - updater 125145832170816 Patching /home/hit/Qt/6.11.0/gcc_64/lib/pkgconfig/Qt6LabsStyleKit.pc
2026-07-28 17:50:34,406 - aqt.updater - INFO - updater 125145832170816 Patching /home/hit/Qt/6.11.0/gcc_64/lib/pkgconfig/Qt6QuickControls2FluentWinUI3StyleImpl.pc
2026-07-28 17:50:34,406 - aqt.updater - INFO - updater 125145832170816 Patching /home/hit/Qt/6.11.0/gcc_64/lib/pkgconfig/Qt6LabsQmlModels.pc
2026-07-28 17:50:34,406 - aqt.updater - INFO - updater 125145832170816 Patching /home/hit/Qt/6.11.0/gcc_64/lib/pkgconfig/Qt6QuickDialogs2QuickImpl.pc
2026-07-28 17:50:34,406 - aqt.updater - INFO - updater 125145832170816 Patching /home/hit/Qt/6.11.0/gcc_64/lib/pkgconfig/Qt6Widgets.pc
2026-07-28 17:50:34,406 - aqt.updater - INFO - updater 125145832170816 Patching /home/hit/Qt/6.11.0/gcc_64/lib/pkgconfig/Qt6UiPlugin.pc
2026-07-28 17:50:34,406 - aqt.updater - INFO - updater 125145832170816 Patching /home/hit/Qt/6.11.0/gcc_64/lib/pkgconfig/Qt6LabsSharedImage.pc
2026-07-28 17:50:34,406 - aqt.updater - INFO - updater 125145832170816 Patching /home/hit/Qt/6.11.0/gcc_64/lib/pkgconfig/Qt6Svg.pc
2026-07-28 17:50:34,406 - aqt.updater - INFO - updater 125145832170816 Patching /home/hit/Qt/6.11.0/gcc_64/lib/pkgconfig/Qt6Qml.pc
2026-07-28 17:50:34,406 - aqt.updater - INFO - updater 125145832170816 Patching /home/hit/Qt/6.11.0/gcc_64/lib/pkgconfig/Qt6QuickDialogs2.pc
2026-07-28 17:50:34,406 - aqt.updater - INFO - updater 125145832170816 Patching /home/hit/Qt/6.11.0/gcc_64/lib/pkgconfig/Qt6LabsFolderListModel.pc
2026-07-28 17:50:34,407 - aqt.updater - INFO - updater 125145832170816 Patching /home/hit/Qt/6.11.0/gcc_64/lib/pkgconfig/Qt6QmlLocalStorage.pc
2026-07-28 17:50:34,407 - aqt.updater - INFO - updater 125145832170816 Patching /home/hit/Qt/6.11.0/gcc_64/lib/pkgconfig/Qt6Concurrent.pc
2026-07-28 17:50:34,407 - aqt.updater - INFO - updater 125145832170816 Patching /home/hit/Qt/6.11.0/gcc_64/lib/pkgconfig/Qt6Core.pc
2026-07-28 17:50:34,407 - aqt.updater - INFO - updater 125145832170816 Patching /home/hit/Qt/6.11.0/gcc_64/lib/pkgconfig/Qt6QuickControls2Material.pc
2026-07-28 17:50:34,407 - aqt.updater - INFO - updater 125145832170816 Patching /home/hit/Qt/6.11.0/gcc_64/lib/pkgconfig/Qt6QuickControls2Universal.pc
2026-07-28 17:50:34,407 - aqt.updater - INFO - updater 125145832170816 Patching /home/hit/Qt/6.11.0/gcc_64/lib/pkgconfig/Qt6QmlMeta.pc
2026-07-28 17:50:34,407 - aqt.updater - INFO - updater 125145832170816 Patching /home/hit/Qt/6.11.0/gcc_64/lib/pkgconfig/Qt6PrintSupport.pc
2026-07-28 17:50:34,407 - aqt.updater - INFO - updater 125145832170816 Patching /home/hit/Qt/6.11.0/gcc_64/lib/pkgconfig/Qt6QuickVectorImageHelpers.pc
2026-07-28 17:50:34,407 - aqt.updater - INFO - updater 125145832170816 Patching /home/hit/Qt/6.11.0/gcc_64/lib/pkgconfig/Qt6WaylandClient.pc
2026-07-28 17:50:34,407 - aqt.updater - INFO - updater 125145832170816 Patching /home/hit/Qt/6.11.0/gcc_64/lib/pkgconfig/Qt6Gui.pc
2026-07-28 17:50:34,408 - aqt.updater - INFO - updater 125145832170816 Patching /home/hit/Qt/6.11.0/gcc_64/lib/pkgconfig/Qt6LabsSynchronizer.pc
2026-07-28 17:50:34,408 - aqt.updater - INFO - updater 125145832170816 Patching /home/hit/Qt/6.11.0/gcc_64/lib/pkgconfig/Qt6Platform.pc
2026-07-28 17:50:34,408 - aqt.updater - INFO - updater 125145832170816 Patching /home/hit/Qt/6.11.0/gcc_64/lib/pkgconfig/Qt6OpenGL.pc
2026-07-28 17:50:34,408 - aqt.updater - INFO - updater 125145832170816 Patching /home/hit/Qt/6.11.0/gcc_64/lib/pkgconfig/Qt6LabsWavefrontMesh.pc
2026-07-28 17:50:34,408 - aqt.updater - INFO - updater 125145832170816 Patching /home/hit/Qt/6.11.0/gcc_64/lib/pkgconfig/Qt6QuickControls2MaterialStyleImpl.pc
2026-07-28 17:50:34,408 - aqt.updater - INFO - updater 125145832170816 Patching /home/hit/Qt/6.11.0/gcc_64/lib/pkgconfig/Qt6QmlModels.pc
2026-07-28 17:50:34,408 - aqt.updater - INFO - updater 125145832170816 Patching /home/hit/Qt/6.11.0/gcc_64/lib/pkgconfig/Qt6QuickControls2ImagineStyleImpl.pc
2026-07-28 17:50:34,408 - aqt.updater - INFO - updater 125145832170816 Patching /home/hit/Qt/6.11.0/gcc_64/lib/pkgconfig/Qt6QuickEffects.pc
2026-07-28 17:50:34,408 - aqt.updater - INFO - updater 125145832170816 Patching /home/hit/Qt/6.11.0/gcc_64/lib/pkgconfig/Qt6QmlNetwork.pc
2026-07-28 17:50:34,409 - aqt.updater - INFO - updater 125145832170816 Patching /home/hit/Qt/6.11.0/gcc_64/lib/pkgconfig/Qt6QuickWidgets.pc
2026-07-28 17:50:34,409 - aqt.updater - INFO - updater 125145832170816 Patching /home/hit/Qt/6.11.0/gcc_64/lib/pkgconfig/Qt6Quick.pc
2026-07-28 17:50:34,409 - aqt.updater - INFO - updater 125145832170816 Patching /home/hit/Qt/6.11.0/gcc_64/lib/pkgconfig/Qt6QuickControls2FusionStyleImpl.pc
2026-07-28 17:50:34,409 - aqt.updater - INFO - updater 125145832170816 Patching /home/hit/Qt/6.11.0/gcc_64/lib/pkgconfig/Qt6QuickControls2Imagine.pc
2026-07-28 17:50:34,409 - aqt.updater - INFO - updater 125145832170816 Patching /home/hit/Qt/6.11.0/gcc_64/lib/pkgconfig/Qt6QuickControls2BasicStyleImpl.pc
2026-07-28 17:50:34,409 - aqt.updater - INFO - updater 125145832170816 Patching /home/hit/Qt/6.11.0/gcc_64/lib/pkgconfig/Qt6UiTools.pc
2026-07-28 17:50:34,409 - aqt.updater - INFO - updater 125145832170816 Patching /home/hit/Qt/6.11.0/gcc_64/lib/pkgconfig/Qt6QmlWorkerScript.pc
2026-07-28 17:50:34,409 - aqt.updater - INFO - updater 125145832170816 Patching /home/hit/Qt/6.11.0/gcc_64/lib/pkgconfig/Qt6Designer.pc
2026-07-28 17:50:34,410 - aqt.updater - INFO - updater 125145832170816 Patching /home/hit/Qt/6.11.0/gcc_64/lib/libQt6DesignerComponents.prl
2026-07-28 17:50:34,410 - aqt.updater - INFO - updater 125145832170816 Patching /home/hit/Qt/6.11.0/gcc_64/lib/libQt6QuickShapes.prl
2026-07-28 17:50:34,410 - aqt.updater - INFO - updater 125145832170816 Patching /home/hit/Qt/6.11.0/gcc_64/lib/libQt6Gui.prl
2026-07-28 17:50:34,410 - aqt.updater - INFO - updater 125145832170816 Patching /home/hit/Qt/6.11.0/gcc_64/lib/libQt6FbSupport.prl
2026-07-28 17:50:34,410 - aqt.updater - INFO - updater 125145832170816 Patching /home/hit/Qt/6.11.0/gcc_64/lib/libQt6QmlLocalStorage.prl
2026-07-28 17:50:34,410 - aqt.updater - INFO - updater 125145832170816 Patching /home/hit/Qt/6.11.0/gcc_64/lib/libQt6OpenGLWidgets.prl
2026-07-28 17:50:34,410 - aqt.updater - INFO - updater 125145832170816 Patching /home/hit/Qt/6.11.0/gcc_64/lib/libQt6QuickWidgets.prl
2026-07-28 17:50:34,410 - aqt.updater - INFO - updater 125145832170816 Patching /home/hit/Qt/6.11.0/gcc_64/lib/libQt6QuickControls2Impl.prl
2026-07-28 17:50:34,411 - aqt.updater - INFO - updater 125145832170816 Patching /home/hit/Qt/6.11.0/gcc_64/lib/libQt6QmlTypeRegistrar.prl
2026-07-28 17:50:34,411 - aqt.updater - INFO - updater 125145832170816 Patching /home/hit/Qt/6.11.0/gcc_64/lib/libQt6Help.prl
2026-07-28 17:50:34,411 - aqt.updater - INFO - updater 125145832170816 Patching /home/hit/Qt/6.11.0/gcc_64/lib/libQt6LabsWavefrontMesh.prl
2026-07-28 17:50:34,411 - aqt.updater - INFO - updater 125145832170816 Patching /home/hit/Qt/6.11.0/gcc_64/lib/libQt6QmlMeta.prl
2026-07-28 17:50:34,411 - aqt.updater - INFO - updater 125145832170816 Patching /home/hit/Qt/6.11.0/gcc_64/lib/libQt6QuickControls2Material.prl
2026-07-28 17:50:34,411 - aqt.updater - INFO - updater 125145832170816 Patching /home/hit/Qt/6.11.0/gcc_64/lib/libQt6LabsAnimation.prl
2026-07-28 17:50:34,411 - aqt.updater - INFO - updater 125145832170816 Patching /home/hit/Qt/6.11.0/gcc_64/lib/libQt6QuickTest.prl
2026-07-28 17:50:34,411 - aqt.updater - INFO - updater 125145832170816 Patching /home/hit/Qt/6.11.0/gcc_64/lib/libQt6QmlAssetDownloader.prl
2026-07-28 17:50:34,411 - aqt.updater - INFO - updater 125145832170816 Patching /home/hit/Qt/6.11.0/gcc_64/lib/libQt6LabsPlatform.prl
2026-07-28 17:50:34,411 - aqt.updater - INFO - updater 125145832170816 Patching /home/hit/Qt/6.11.0/gcc_64/lib/libQt6QuickControls2.prl
2026-07-28 17:50:34,411 - aqt.updater - INFO - updater 125145832170816 Patching /home/hit/Qt/6.11.0/gcc_64/lib/libQt6QuickTemplates2.prl
2026-07-28 17:50:34,411 - aqt.updater - INFO - updater 125145832170816 Patching /home/hit/Qt/6.11.0/gcc_64/lib/libQt6DeviceDiscoverySupport.prl
2026-07-28 17:50:34,411 - aqt.updater - INFO - updater 125145832170816 Patching /home/hit/Qt/6.11.0/gcc_64/lib/libQt6QuickControls2UniversalStyleImpl.prl
2026-07-28 17:50:34,411 - aqt.updater - INFO - updater 125145832170816 Patching /home/hit/Qt/6.11.0/gcc_64/lib/libQt6QmlDebug.prl
2026-07-28 17:50:34,411 - aqt.updater - INFO - updater 125145832170816 Patching /home/hit/Qt/6.11.0/gcc_64/lib/libQt6EglFsKmsSupport.prl
2026-07-28 17:50:34,411 - aqt.updater - INFO - updater 125145832170816 Patching /home/hit/Qt/6.11.0/gcc_64/lib/libQt6LabsFolderListModel.prl
2026-07-28 17:50:34,411 - aqt.updater - INFO - updater 125145832170816 Patching /home/hit/Qt/6.11.0/gcc_64/lib/libQt6XcbQpa.prl
2026-07-28 17:50:34,411 - aqt.updater - INFO - updater 125145832170816 Patching /home/hit/Qt/6.11.0/gcc_64/lib/libQt6QuickParticles.prl
2026-07-28 17:50:34,411 - aqt.updater - INFO - updater 125145832170816 Patching /home/hit/Qt/6.11.0/gcc_64/lib/libQt6QuickVectorImageGenerator.prl
2026-07-28 17:50:34,411 - aqt.updater - INFO - updater 125145832170816 Patching /home/hit/Qt/6.11.0/gcc_64/lib/libQt6PrintSupport.prl
2026-07-28 17:50:34,411 - aqt.updater - INFO - updater 125145832170816 Patching /home/hit/Qt/6.11.0/gcc_64/lib/libQt6QmlToolingSettings.prl
2026-07-28 17:50:34,411 - aqt.updater - INFO - updater 125145832170816 Patching /home/hit/Qt/6.11.0/gcc_64/lib/libQt6QmlCore.prl
2026-07-28 17:50:34,411 - aqt.updater - INFO - updater 125145832170816 Patching /home/hit/Qt/6.11.0/gcc_64/lib/libQt6Core.prl
2026-07-28 17:50:34,411 - aqt.updater - INFO - updater 125145832170816 Patching /home/hit/Qt/6.11.0/gcc_64/lib/libQt6EglFSDeviceIntegration.prl
2026-07-28 17:50:34,412 - aqt.updater - INFO - updater 125145832170816 Patching /home/hit/Qt/6.11.0/gcc_64/lib/libQt6QmlWorkerScript.prl
2026-07-28 17:50:34,412 - aqt.updater - INFO - updater 125145832170816 Patching /home/hit/Qt/6.11.0/gcc_64/lib/libQt6EglFsKmsGbmSupport.prl
2026-07-28 17:50:34,412 - aqt.updater - INFO - updater 125145832170816 Patching /home/hit/Qt/6.11.0/gcc_64/lib/libQt6QuickVectorImage.prl
2026-07-28 17:50:34,412 - aqt.updater - INFO - updater 125145832170816 Patching /home/hit/Qt/6.11.0/gcc_64/lib/libQt6QuickControls2FusionStyleImpl.prl
2026-07-28 17:50:34,412 - aqt.updater - INFO - updater 125145832170816 Patching /home/hit/Qt/6.11.0/gcc_64/lib/libQt6Designer.prl
2026-07-28 17:50:34,412 - aqt.updater - INFO - updater 125145832170816 Patching /home/hit/Qt/6.11.0/gcc_64/lib/libQt6QuickLayouts.prl
2026-07-28 17:50:34,412 - aqt.updater - INFO - updater 125145832170816 Patching /home/hit/Qt/6.11.0/gcc_64/lib/libQt6QuickDialogs2QuickImpl.prl
2026-07-28 17:50:34,412 - aqt.updater - INFO - updater 125145832170816 Patching /home/hit/Qt/6.11.0/gcc_64/lib/libQt6WaylandClient.prl
2026-07-28 17:50:34,412 - aqt.updater - INFO - updater 125145832170816 Patching /home/hit/Qt/6.11.0/gcc_64/lib/libQt6QuickEffects.prl
2026-07-28 17:50:34,412 - aqt.updater - INFO - updater 125145832170816 Patching /home/hit/Qt/6.11.0/gcc_64/lib/libQt6QmlXmlListModel.prl
2026-07-28 17:50:34,412 - aqt.updater - INFO - updater 125145832170816 Patching /home/hit/Qt/6.11.0/gcc_64/lib/libQt6QuickTestUtils.prl
2026-07-28 17:50:34,412 - aqt.updater - INFO - updater 125145832170816 Patching /home/hit/Qt/6.11.0/gcc_64/lib/libQt6QuickControls2ImagineStyleImpl.prl
2026-07-28 17:50:34,412 - aqt.updater - INFO - updater 125145832170816 Patching /home/hit/Qt/6.11.0/gcc_64/lib/libQt6QuickControls2Basic.prl
2026-07-28 17:50:34,412 - aqt.updater - INFO - updater 125145832170816 Patching /home/hit/Qt/6.11.0/gcc_64/lib/libQt6Qml.prl
2026-07-28 17:50:34,412 - aqt.updater - INFO - updater 125145832170816 Patching /home/hit/Qt/6.11.0/gcc_64/lib/libQt6DBus.prl
2026-07-28 17:50:34,412 - aqt.updater - INFO - updater 125145832170816 Patching /home/hit/Qt/6.11.0/gcc_64/lib/libQt6Sql.prl
2026-07-28 17:50:34,412 - aqt.updater - INFO - updater 125145832170816 Patching /home/hit/Qt/6.11.0/gcc_64/lib/libQt6SvgWidgets.prl
2026-07-28 17:50:34,412 - aqt.updater - INFO - updater 125145832170816 Patching /home/hit/Qt/6.11.0/gcc_64/lib/libQt6UiTools.prl
2026-07-28 17:50:34,412 - aqt.updater - INFO - updater 125145832170816 Patching /home/hit/Qt/6.11.0/gcc_64/lib/libQt6QmlLS.prl
2026-07-28 17:50:34,412 - aqt.updater - INFO - updater 125145832170816 Patching /home/hit/Qt/6.11.0/gcc_64/lib/libQt6LabsSettings.prl
2026-07-28 17:50:34,412 - aqt.updater - INFO - updater 125145832170816 Patching /home/hit/Qt/6.11.0/gcc_64/lib/libQt6QuickControls2FluentWinUI3StyleImpl.prl
2026-07-28 17:50:34,412 - aqt.updater - INFO - updater 125145832170816 Patching /home/hit/Qt/6.11.0/gcc_64/lib/libQt6LabsSynchronizer.prl
2026-07-28 17:50:34,412 - aqt.updater - INFO - updater 125145832170816 Patching /home/hit/Qt/6.11.0/gcc_64/lib/libQt6QmlFormat.prl
2026-07-28 17:50:34,413 - aqt.updater - INFO - updater 125145832170816 Patching /home/hit/Qt/6.11.0/gcc_64/lib/libQt6QmlDom.prl
2026-07-28 17:50:34,413 - aqt.updater - INFO - updater 125145832170816 Patching /home/hit/Qt/6.11.0/gcc_64/lib/libQt6QuickDialogs2Utils.prl
2026-07-28 17:50:34,413 - aqt.updater - INFO - updater 125145832170816 Patching /home/hit/Qt/6.11.0/gcc_64/lib/libQt6KmsSupport.prl
2026-07-28 17:50:34,413 - aqt.updater - INFO - updater 125145832170816 Patching /home/hit/Qt/6.11.0/gcc_64/lib/libQt6QuickControlsTestUtils.prl
2026-07-28 17:50:34,413 - aqt.updater - INFO - updater 125145832170816 Patching /home/hit/Qt/6.11.0/gcc_64/lib/libQt6Svg.prl
2026-07-28 17:50:34,413 - aqt.updater - INFO - updater 125145832170816 Patching /home/hit/Qt/6.11.0/gcc_64/lib/libQt6QuickControls2Imagine.prl
2026-07-28 17:50:34,413 - aqt.updater - INFO - updater 125145832170816 Patching /home/hit/Qt/6.11.0/gcc_64/lib/libQt6QuickControls2Fusion.prl
2026-07-28 17:50:34,413 - aqt.updater - INFO - updater 125145832170816 Patching /home/hit/Qt/6.11.0/gcc_64/lib/libQt6LabsStyleKitImpl.prl
2026-07-28 17:50:34,413 - aqt.updater - INFO - updater 125145832170816 Patching /home/hit/Qt/6.11.0/gcc_64/lib/libQt6Test.prl
2026-07-28 17:50:34,413 - aqt.updater - INFO - updater 125145832170816 Patching /home/hit/Qt/6.11.0/gcc_64/lib/libQt6LabsQmlModels.prl
2026-07-28 17:50:34,413 - aqt.updater - INFO - updater 125145832170816 Patching /home/hit/Qt/6.11.0/gcc_64/lib/libQt6OpenGL.prl
2026-07-28 17:50:34,413 - aqt.updater - INFO - updater 125145832170816 Patching /home/hit/Qt/6.11.0/gcc_64/lib/libQt6QuickControls2Universal.prl
2026-07-28 17:50:34,413 - aqt.updater - INFO - updater 125145832170816 Patching /home/hit/Qt/6.11.0/gcc_64/lib/libQt6QuickVectorImageHelpers.prl
2026-07-28 17:50:34,413 - aqt.updater - INFO - updater 125145832170816 Patching /home/hit/Qt/6.11.0/gcc_64/lib/libQt6QmlCompiler.prl
2026-07-28 17:50:34,413 - aqt.updater - INFO - updater 125145832170816 Patching /home/hit/Qt/6.11.0/gcc_64/lib/libQt6PacketProtocol.prl
2026-07-28 17:50:34,413 - aqt.updater - INFO - updater 125145832170816 Patching /home/hit/Qt/6.11.0/gcc_64/lib/libQt6QmlModels.prl
2026-07-28 17:50:34,413 - aqt.updater - INFO - updater 125145832170816 Patching /home/hit/Qt/6.11.0/gcc_64/lib/libQt6WlShellIntegration.prl
2026-07-28 17:50:34,413 - aqt.updater - INFO - updater 125145832170816 Patching /home/hit/Qt/6.11.0/gcc_64/lib/libQt6Xml.prl
2026-07-28 17:50:34,413 - aqt.updater - INFO - updater 125145832170816 Patching /home/hit/Qt/6.11.0/gcc_64/lib/libQt6LabsStyleKit.prl
2026-07-28 17:50:34,413 - aqt.updater - INFO - updater 125145832170816 Patching /home/hit/Qt/6.11.0/gcc_64/lib/libQt6QuickControls2BasicStyleImpl.prl
2026-07-28 17:50:34,413 - aqt.updater - INFO - updater 125145832170816 Patching /home/hit/Qt/6.11.0/gcc_64/lib/libQt6QuickDialogs2.prl
2026-07-28 17:50:34,413 - aqt.updater - INFO - updater 125145832170816 Patching /home/hit/Qt/6.11.0/gcc_64/lib/libQt6Network.prl
2026-07-28 17:50:34,413 - aqt.updater - INFO - updater 125145832170816 Patching /home/hit/Qt/6.11.0/gcc_64/lib/libQt6LabsSharedImage.prl
2026-07-28 17:50:34,413 - aqt.updater - INFO - updater 125145832170816 Patching /home/hit/Qt/6.11.0/gcc_64/lib/libQt6QuickShapesDesignHelpers.prl
2026-07-28 17:50:34,413 - aqt.updater - INFO - updater 125145832170816 Patching /home/hit/Qt/6.11.0/gcc_64/lib/libQt6QmlNetwork.prl
2026-07-28 17:50:34,414 - aqt.updater - INFO - updater 125145832170816 Patching /home/hit/Qt/6.11.0/gcc_64/lib/libQt6Concurrent.prl
2026-07-28 17:50:34,414 - aqt.updater - INFO - updater 125145832170816 Patching /home/hit/Qt/6.11.0/gcc_64/lib/libQt6QuickControls2MaterialStyleImpl.prl
2026-07-28 17:50:34,414 - aqt.updater - INFO - updater 125145832170816 Patching /home/hit/Qt/6.11.0/gcc_64/lib/libQt6Quick.prl
2026-07-28 17:50:34,414 - aqt.updater - INFO - updater 125145832170816 Patching /home/hit/Qt/6.11.0/gcc_64/lib/libQt6InputSupport.prl
2026-07-28 17:50:34,414 - aqt.updater - INFO - updater 125145832170816 Patching /home/hit/Qt/6.11.0/gcc_64/lib/libQt6Widgets.prl
2026-07-28 17:50:34,414 - aqt.main - INFO - installer 125145832170816 Finished installation
2026-07-28 17:50:34,414 - aqt.main - INFO - installer 125145832170816 Time elapsed: 95.98271544 second
2026-07-28 17:55:14,897 - aqt.main - INFO - installer 126460124833088 aqtinstall(aqt) v3.3.0 on Python 3.12.3 [CPython GCC 13.3.0]
2026-07-28 17:55:14,898 - aqt.helper - DEBUG - helper 126460124833088 Attempt to download checksum at https://download.qt.io/online/qtsdkrepository/linux_x64/desktop/qt6_6110/qt6_6110/Updates.xml.sha256
2026-07-28 17:55:22,126 - aqt.helper - DEBUG - helper 126460124833088 Attempt to download checksum at https://download.qt.io/online/qtsdkrepository/linux_x64/extensions/qtwebengine/6110/x86_64/Updates.xml.sha256
2026-07-28 17:55:26,995 - aqt.archives - INFO - archives 126460124833088 Found extension qtwebengine
2026-07-28 17:55:26,995 - aqt.helper - DEBUG - helper 126460124833088 Attempt to download checksum at https://download.qt.io/online/qtsdkrepository/linux_x64/extensions/qtpdf/6110/x86_64/Updates.xml.sha256
2026-07-28 17:55:34,348 - aqt.archives - INFO - archives 126460124833088 Found extension qtpdf
2026-07-28 17:55:34,510 - aqt.helper - DEBUG - helper 132332545455424 Attempt to download checksum at https://download.qt.io/online/qtsdkrepository/linux_x64/desktop/qt6_6110/qt6_6110/qt.qt6.6110.addons.qtcharts.linux_gcc_64/6.11.0-0-202603180534qtcharts-Linux-RHEL_9_6-GCC-Linux-RHEL_9_6-X86_64.7z.sha256
2026-07-28 17:55:34,511 - aqt.helper - DEBUG - helper 140494057043264 Attempt to download checksum at https://download.qt.io/online/qtsdkrepository/linux_x64/desktop/qt6_6110/qt6_6110/qt.qt6.6110.linux_gcc_64/6.11.0-0-202603180534qtbase-Linux-RHEL_9_6-GCC-Linux-RHEL_9_6-X86_64.7z.sha256
2026-07-28 17:55:34,520 - aqt.helper - DEBUG - helper 124103217866048 Attempt to download checksum at https://download.qt.io/online/qtsdkrepository/linux_x64/desktop/qt6_6110/qt6_6110/qt.qt6.6110.linux_gcc_64/6.11.0-0-202603180534qtsvg-Linux-RHEL_9_6-GCC-Linux-RHEL_9_6-X86_64.7z.sha256
2026-07-28 17:55:34,528 - aqt.helper - DEBUG - helper 139833047151936 Attempt to download checksum at https://download.qt.io/online/qtsdkrepository/linux_x64/desktop/qt6_6110/qt6_6110/qt.qt6.6110.linux_gcc_64/6.11.0-0-202603180534qtdeclarative-Linux-RHEL_9_6-GCC-Linux-RHEL_9_6-X86_64.7z.sha256
2026-07-28 17:55:36,337 - aqt.helper - INFO - helper 140494057043264 Downloading qtbase...
2026-07-28 17:55:36,338 - aqt.helper - INFO - helper 132332545455424 Downloading qtcharts...
2026-07-28 17:55:36,338 - aqt.installer - DEBUG - installer 140494057043264 Download URL: https://download.qt.io/online/qtsdkrepository/linux_x64/desktop/qt6_6110/qt6_6110/qt.qt6.6110.linux_gcc_64/6.11.0-0-202603180534qtbase-Linux-RHEL_9_6-GCC-Linux-RHEL_9_6-X86_64.7z
2026-07-28 17:55:36,338 - aqt.installer - DEBUG - installer 132332545455424 Download URL: https://download.qt.io/online/qtsdkrepository/linux_x64/desktop/qt6_6110/qt6_6110/qt.qt6.6110.addons.qtcharts.linux_gcc_64/6.11.0-0-202603180534qtcharts-Linux-RHEL_9_6-GCC-Linux-RHEL_9_6-X86_64.7z
2026-07-28 17:55:36,352 - aqt.helper - INFO - helper 124103217866048 Downloading qtsvg...
2026-07-28 17:55:36,352 - aqt.installer - DEBUG - installer 124103217866048 Download URL: https://download.qt.io/online/qtsdkrepository/linux_x64/desktop/qt6_6110/qt6_6110/qt.qt6.6110.linux_gcc_64/6.11.0-0-202603180534qtsvg-Linux-RHEL_9_6-GCC-Linux-RHEL_9_6-X86_64.7z
2026-07-28 17:55:38,352 - aqt.helper - DEBUG - helper 132332545455424 Asked to redirect(302) to: https://mirrors.20i.com/pub/qt.io/online/qtsdkrepository/linux_x64/desktop/qt6_6110/qt6_6110/qt.qt6.6110.addons.qtcharts.linux_gcc_64/6.11.0-0-202603180534qtcharts-Linux-RHEL_9_6-GCC-Linux-RHEL_9_6-X86_64.7z
2026-07-28 17:55:38,352 - aqt.helper - INFO - helper 132332545455424 Redirected: mirrors.20i.com
2026-07-28 17:55:39,204 - aqt.helper - DEBUG - helper 140494057043264 Asked to redirect(302) to: https://mirror.accum.se/mirror/qt.io/qtproject/online/qtsdkrepository/linux_x64/desktop/qt6_6110/qt6_6110/qt.qt6.6110.linux_gcc_64/6.11.0-0-202603180534qtbase-Linux-RHEL_9_6-GCC-Linux-RHEL_9_6-X86_64.7z
2026-07-28 17:55:39,204 - aqt.helper - INFO - helper 140494057043264 Redirected: mirror.accum.se
2026-07-28 17:55:39,503 - aqt.helper - DEBUG - helper 124103217866048 Asked to redirect(302) to: https://mirrors.ukfast.co.uk/sites/qt.io/online/qtsdkrepository/linux_x64/desktop/qt6_6110/qt6_6110/qt.qt6.6110.linux_gcc_64/6.11.0-0-202603180534qtsvg-Linux-RHEL_9_6-GCC-Linux-RHEL_9_6-X86_64.7z
2026-07-28 17:55:39,503 - aqt.helper - INFO - helper 124103217866048 Redirected: mirrors.ukfast.co.uk
2026-07-28 17:55:42,178 - aqt.installer - INFO - installer 124103217866048 Finished installation of qtsvg-Linux-RHEL_9_6-GCC-Linux-RHEL_9_6-X86_64.7z in 7.65910350
2026-07-28 17:55:42,187 - aqt.helper - DEBUG - helper 124103217866048 Attempt to download checksum at https://download.qt.io/online/qtsdkrepository/linux_x64/desktop/qt6_6110/qt6_6110/qt.qt6.6110.linux_gcc_64/6.11.0-0-202603180534qtdoc-Linux-RHEL_9_6-GCC-Linux-RHEL_9_6-X86_64.7z.sha256
2026-07-28 17:55:42,531 - aqt.installer - INFO - installer 132332545455424 Finished installation of qtcharts-Linux-RHEL_9_6-GCC-Linux-RHEL_9_6-X86_64.7z in 8.02167156
2026-07-28 17:55:42,539 - aqt.helper - DEBUG - helper 132332545455424 Attempt to download checksum at https://download.qt.io/online/qtsdkrepository/linux_x64/desktop/qt6_6110/qt6_6110/qt.qt6.6110.linux_gcc_64/6.11.0-0-202603180534qttools-Linux-RHEL_9_6-GCC-Linux-RHEL_9_6-X86_64.7z.sha256
2026-07-28 17:55:43,565 - aqt.helper - INFO - helper 139833047151936 Downloading qtdeclarative...
2026-07-28 17:55:43,565 - aqt.installer - DEBUG - installer 139833047151936 Download URL: https://download.qt.io/online/qtsdkrepository/linux_x64/desktop/qt6_6110/qt6_6110/qt.qt6.6110.linux_gcc_64/6.11.0-0-202603180534qtdeclarative-Linux-RHEL_9_6-GCC-Linux-RHEL_9_6-X86_64.7z
2026-07-28 17:55:44,313 - aqt.helper - INFO - helper 132332545455424 Downloading qttools...
2026-07-28 17:55:44,313 - aqt.installer - DEBUG - installer 132332545455424 Download URL: https://download.qt.io/online/qtsdkrepository/linux_x64/desktop/qt6_6110/qt6_6110/qt.qt6.6110.linux_gcc_64/6.11.0-0-202603180534qttools-Linux-RHEL_9_6-GCC-Linux-RHEL_9_6-X86_64.7z
2026-07-28 17:55:45,301 - aqt.helper - DEBUG - helper 139833047151936 Asked to redirect(302) to: https://ftp.fau.de/qtproject/online/qtsdkrepository/linux_x64/desktop/qt6_6110/qt6_6110/qt.qt6.6110.linux_gcc_64/6.11.0-0-202603180534qtdeclarative-Linux-RHEL_9_6-GCC-Linux-RHEL_9_6-X86_64.7z
2026-07-28 17:55:45,301 - aqt.helper - INFO - helper 139833047151936 Redirected: ftp.fau.de
2026-07-28 17:55:46,289 - aqt.helper - DEBUG - helper 132332545455424 Asked to redirect(302) to: https://ftp.fau.de/qtproject/online/qtsdkrepository/linux_x64/desktop/qt6_6110/qt6_6110/qt.qt6.6110.linux_gcc_64/6.11.0-0-202603180534qttools-Linux-RHEL_9_6-GCC-Linux-RHEL_9_6-X86_64.7z
2026-07-28 17:55:46,289 - aqt.helper - INFO - helper 132332545455424 Redirected: ftp.fau.de
2026-07-28 17:55:47,525 - aqt.helper - INFO - helper 124103217866048 Downloading qtdoc...
2026-07-28 17:55:47,525 - aqt.installer - DEBUG - installer 124103217866048 Download URL: https://download.qt.io/online/qtsdkrepository/linux_x64/desktop/qt6_6110/qt6_6110/qt.qt6.6110.linux_gcc_64/6.11.0-0-202603180534qtdoc-Linux-RHEL_9_6-GCC-Linux-RHEL_9_6-X86_64.7z
2026-07-28 17:55:49,624 - aqt.helper - DEBUG - helper 124103217866048 Asked to redirect(302) to: https://mirror.aarnet.edu.au/pub/qtproject/online/qtsdkrepository/linux_x64/desktop/qt6_6110/qt6_6110/qt.qt6.6110.linux_gcc_64/6.11.0-0-202603180534qtdoc-Linux-RHEL_9_6-GCC-Linux-RHEL_9_6-X86_64.7z
2026-07-28 17:55:49,624 - aqt.helper - INFO - helper 124103217866048 Redirected: mirror.aarnet.edu.au
2026-07-28 17:56:01,347 - aqt.installer - INFO - installer 124103217866048 Finished installation of qtdoc-Linux-RHEL_9_6-GCC-Linux-RHEL_9_6-X86_64.7z in 19.16114890
2026-07-28 17:56:01,360 - aqt.helper - DEBUG - helper 124103217866048 Attempt to download checksum at https://download.qt.io/online/qtsdkrepository/linux_x64/desktop/qt6_6110/qt6_6110/qt.qt6.6110.linux_gcc_64/6.11.0-0-202603180534qttranslations-Linux-RHEL_9_6-GCC-Linux-RHEL_9_6-X86_64.7z.sha256
2026-07-28 17:56:03,999 - aqt.helper - INFO - helper 124103217866048 Downloading qttranslations...
2026-07-28 17:56:04,000 - aqt.installer - DEBUG - installer 124103217866048 Download URL: https://download.qt.io/online/qtsdkrepository/linux_x64/desktop/qt6_6110/qt6_6110/qt.qt6.6110.linux_gcc_64/6.11.0-0-202603180534qttranslations-Linux-RHEL_9_6-GCC-Linux-RHEL_9_6-X86_64.7z
2026-07-28 17:56:09,367 - aqt.helper - DEBUG - helper 124103217866048 Asked to redirect(302) to: https://mirrors.20i.com/pub/qt.io/online/qtsdkrepository/linux_x64/desktop/qt6_6110/qt6_6110/qt.qt6.6110.linux_gcc_64/6.11.0-0-202603180534qttranslations-Linux-RHEL_9_6-GCC-Linux-RHEL_9_6-X86_64.7z
2026-07-28 17:56:09,367 - aqt.helper - INFO - helper 124103217866048 Redirected: mirrors.20i.com
2026-07-28 17:56:10,504 - aqt.installer - INFO - installer 140494057043264 Finished installation of qtbase-Linux-RHEL_9_6-GCC-Linux-RHEL_9_6-X86_64.7z in 35.99406496
2026-07-28 17:56:10,515 - aqt.helper - DEBUG - helper 140494057043264 Attempt to download checksum at https://download.qt.io/online/qtsdkrepository/linux_x64/desktop/qt6_6110/qt6_6110/qt.qt6.6110.linux_gcc_64/6.11.0-0-202603180534qtwayland-Linux-RHEL_9_6-GCC-Linux-RHEL_9_6-X86_64.7z.sha256
2026-07-28 17:56:13,848 - aqt.installer - INFO - installer 132332545455424 Finished installation of qttools-Linux-RHEL_9_6-GCC-Linux-RHEL_9_6-X86_64.7z in 31.31074660
2026-07-28 17:56:13,858 - aqt.helper - DEBUG - helper 132332545455424 Attempt to download checksum at https://download.qt.io/online/qtsdkrepository/linux_x64/desktop/qt6_6110/qt6_6110/qt.qt6.6110.linux_gcc_64/6.11.0-0-202603180534icu-linux-Rhel8.6-x86_64.7z.sha256
2026-07-28 17:56:14,296 - aqt.installer - INFO - installer 124103217866048 Finished installation of qttranslations-Linux-RHEL_9_6-GCC-Linux-RHEL_9_6-X86_64.7z in 12.93628329
2026-07-28 17:56:15,743 - aqt.helper - INFO - helper 132332545455424 Downloading icu...
2026-07-28 17:56:15,744 - aqt.installer - DEBUG - installer 132332545455424 Download URL: https://download.qt.io/online/qtsdkrepository/linux_x64/desktop/qt6_6110/qt6_6110/qt.qt6.6110.linux_gcc_64/6.11.0-0-202603180534icu-linux-Rhel8.6-x86_64.7z
2026-07-28 17:56:15,833 - aqt.helper - INFO - helper 140494057043264 Downloading qtwayland...
2026-07-28 17:56:15,833 - aqt.installer - DEBUG - installer 140494057043264 Download URL: https://download.qt.io/online/qtsdkrepository/linux_x64/desktop/qt6_6110/qt6_6110/qt.qt6.6110.linux_gcc_64/6.11.0-0-202603180534qtwayland-Linux-RHEL_9_6-GCC-Linux-RHEL_9_6-X86_64.7z
2026-07-28 17:56:17,674 - aqt.helper - DEBUG - helper 132332545455424 Asked to redirect(302) to: https://mirrors.20i.com/pub/qt.io/online/qtsdkrepository/linux_x64/desktop/qt6_6110/qt6_6110/qt.qt6.6110.linux_gcc_64/6.11.0-0-202603180534icu-linux-Rhel8.6-x86_64.7z
2026-07-28 17:56:17,674 - aqt.helper - INFO - helper 132332545455424 Redirected: mirrors.20i.com
2026-07-28 17:56:17,727 - aqt.helper - DEBUG - helper 140494057043264 Asked to redirect(302) to: https://mirrors.20i.com/pub/qt.io/online/qtsdkrepository/linux_x64/desktop/qt6_6110/qt6_6110/qt.qt6.6110.linux_gcc_64/6.11.0-0-202603180534qtwayland-Linux-RHEL_9_6-GCC-Linux-RHEL_9_6-X86_64.7z
2026-07-28 17:56:17,727 - aqt.helper - INFO - helper 140494057043264 Redirected: mirrors.20i.com
2026-07-28 17:56:20,814 - aqt.installer - INFO - installer 140494057043264 Finished installation of qtwayland-Linux-RHEL_9_6-GCC-Linux-RHEL_9_6-X86_64.7z in 10.30046278
2026-07-28 17:56:25,422 - aqt.installer - INFO - installer 139833047151936 Finished installation of qtdeclarative-Linux-RHEL_9_6-GCC-Linux-RHEL_9_6-X86_64.7z in 50.89538256
2026-07-28 17:56:29,363 - aqt.installer - INFO - installer 132332545455424 Finished installation of icu-linux-Rhel8.6-x86_64.7z in 15.50627363
2026-07-28 17:56:29,431 - aqt.updater - INFO - updater 126460124833088 Patching /home/hit/Qt/6.11.0/gcc_64/bin/qmake
2026-07-28 17:56:29,434 - aqt.updater - INFO - updater 126460124833088 Patching /home/hit/Qt/6.11.0/gcc_64/lib/pkgconfig/Qt6LabsAnimation.pc
2026-07-28 17:56:29,434 - aqt.updater - INFO - updater 126460124833088 Patching /home/hit/Qt/6.11.0/gcc_64/lib/pkgconfig/Qt6QuickControls2Fusion.pc
2026-07-28 17:56:29,434 - aqt.updater - INFO - updater 126460124833088 Patching /home/hit/Qt/6.11.0/gcc_64/lib/pkgconfig/Qt6QmlCore.pc
2026-07-28 17:56:29,435 - aqt.updater - INFO - updater 126460124833088 Patching /home/hit/Qt/6.11.0/gcc_64/lib/pkgconfig/Qt6Help.pc
2026-07-28 17:56:29,435 - aqt.updater - INFO - updater 126460124833088 Patching /home/hit/Qt/6.11.0/gcc_64/lib/pkgconfig/Qt6Test.pc
2026-07-28 17:56:29,435 - aqt.updater - INFO - updater 126460124833088 Patching /home/hit/Qt/6.11.0/gcc_64/lib/pkgconfig/Qt6QuickDialogs2Utils.pc
2026-07-28 17:56:29,435 - aqt.updater - INFO - updater 126460124833088 Patching /home/hit/Qt/6.11.0/gcc_64/lib/pkgconfig/Qt6QmlIntegration.pc
2026-07-28 17:56:29,435 - aqt.updater - INFO - updater 126460124833088 Patching /home/hit/Qt/6.11.0/gcc_64/lib/pkgconfig/Qt6QuickTest.pc
2026-07-28 17:56:29,435 - aqt.updater - INFO - updater 126460124833088 Patching /home/hit/Qt/6.11.0/gcc_64/lib/pkgconfig/Qt6QuickShapes.pc
2026-07-28 17:56:29,435 - aqt.updater - INFO - updater 126460124833088 Patching /home/hit/Qt/6.11.0/gcc_64/lib/pkgconfig/Qt6DBus.pc
2026-07-28 17:56:29,435 - aqt.updater - INFO - updater 126460124833088 Patching /home/hit/Qt/6.11.0/gcc_64/lib/pkgconfig/Qt6QuickControls2Impl.pc
2026-07-28 17:56:29,435 - aqt.updater - INFO - updater 126460124833088 Patching /home/hit/Qt/6.11.0/gcc_64/lib/pkgconfig/Qt6Network.pc
2026-07-28 17:56:29,435 - aqt.updater - INFO - updater 126460124833088 Patching /home/hit/Qt/6.11.0/gcc_64/lib/pkgconfig/Qt6QuickControls2Basic.pc
2026-07-28 17:56:29,435 - aqt.updater - INFO - updater 126460124833088 Patching /home/hit/Qt/6.11.0/gcc_64/lib/pkgconfig/Qt6Sql.pc
2026-07-28 17:56:29,435 - aqt.updater - INFO - updater 126460124833088 Patching /home/hit/Qt/6.11.0/gcc_64/lib/pkgconfig/Qt6Xml.pc
2026-07-28 17:56:29,436 - aqt.updater - INFO - updater 126460124833088 Patching /home/hit/Qt/6.11.0/gcc_64/lib/pkgconfig/Qt6OpenGLWidgets.pc
2026-07-28 17:56:29,436 - aqt.updater - INFO - updater 126460124833088 Patching /home/hit/Qt/6.11.0/gcc_64/lib/pkgconfig/Qt6QuickVectorImage.pc
2026-07-28 17:56:29,436 - aqt.updater - INFO - updater 126460124833088 Patching /home/hit/Qt/6.11.0/gcc_64/lib/pkgconfig/Qt6LabsStyleKitImpl.pc
2026-07-28 17:56:29,436 - aqt.updater - INFO - updater 126460124833088 Patching /home/hit/Qt/6.11.0/gcc_64/lib/pkgconfig/Qt6QmlCompiler.pc
2026-07-28 17:56:29,436 - aqt.updater - INFO - updater 126460124833088 Patching /home/hit/Qt/6.11.0/gcc_64/lib/pkgconfig/Qt6QuickLayouts.pc
2026-07-28 17:56:29,436 - aqt.updater - INFO - updater 126460124833088 Patching /home/hit/Qt/6.11.0/gcc_64/lib/pkgconfig/Qt6Linguist.pc
2026-07-28 17:56:29,436 - aqt.updater - INFO - updater 126460124833088 Patching /home/hit/Qt/6.11.0/gcc_64/lib/pkgconfig/Qt6QmlXmlListModel.pc
2026-07-28 17:56:29,436 - aqt.updater - INFO - updater 126460124833088 Patching /home/hit/Qt/6.11.0/gcc_64/lib/pkgconfig/Qt6QuickTemplates2.pc
2026-07-28 17:56:29,436 - aqt.updater - INFO - updater 126460124833088 Patching /home/hit/Qt/6.11.0/gcc_64/lib/pkgconfig/Qt6QuickControls2UniversalStyleImpl.pc
2026-07-28 17:56:29,436 - aqt.updater - INFO - updater 126460124833088 Patching /home/hit/Qt/6.11.0/gcc_64/lib/pkgconfig/Qt6LabsPlatform.pc
2026-07-28 17:56:29,436 - aqt.updater - INFO - updater 126460124833088 Patching /home/hit/Qt/6.11.0/gcc_64/lib/pkgconfig/Qt6SvgWidgets.pc
2026-07-28 17:56:29,436 - aqt.updater - INFO - updater 126460124833088 Patching /home/hit/Qt/6.11.0/gcc_64/lib/pkgconfig/Qt6QuickControls2.pc
2026-07-28 17:56:29,436 - aqt.updater - INFO - updater 126460124833088 Patching /home/hit/Qt/6.11.0/gcc_64/lib/pkgconfig/Qt6LabsSettings.pc
2026-07-28 17:56:29,436 - aqt.updater - INFO - updater 126460124833088 Patching /home/hit/Qt/6.11.0/gcc_64/lib/pkgconfig/Qt6LabsStyleKit.pc
2026-07-28 17:56:29,436 - aqt.updater - INFO - updater 126460124833088 Patching /home/hit/Qt/6.11.0/gcc_64/lib/pkgconfig/Qt6QuickControls2FluentWinUI3StyleImpl.pc
2026-07-28 17:56:29,436 - aqt.updater - INFO - updater 126460124833088 Patching /home/hit/Qt/6.11.0/gcc_64/lib/pkgconfig/Qt6Charts.pc
2026-07-28 17:56:29,436 - aqt.updater - INFO - updater 126460124833088 Patching /home/hit/Qt/6.11.0/gcc_64/lib/pkgconfig/Qt6LabsQmlModels.pc
2026-07-28 17:56:29,436 - aqt.updater - INFO - updater 126460124833088 Patching /home/hit/Qt/6.11.0/gcc_64/lib/pkgconfig/Qt6QuickDialogs2QuickImpl.pc
2026-07-28 17:56:29,436 - aqt.updater - INFO - updater 126460124833088 Patching /home/hit/Qt/6.11.0/gcc_64/lib/pkgconfig/Qt6Widgets.pc
2026-07-28 17:56:29,436 - aqt.updater - INFO - updater 126460124833088 Patching /home/hit/Qt/6.11.0/gcc_64/lib/pkgconfig/Qt6UiPlugin.pc
2026-07-28 17:56:29,437 - aqt.updater - INFO - updater 126460124833088 Patching /home/hit/Qt/6.11.0/gcc_64/lib/pkgconfig/Qt6LabsSharedImage.pc
2026-07-28 17:56:29,437 - aqt.updater - INFO - updater 126460124833088 Patching /home/hit/Qt/6.11.0/gcc_64/lib/pkgconfig/Qt6Svg.pc
2026-07-28 17:56:29,437 - aqt.updater - INFO - updater 126460124833088 Patching /home/hit/Qt/6.11.0/gcc_64/lib/pkgconfig/Qt6Qml.pc
2026-07-28 17:56:29,437 - aqt.updater - INFO - updater 126460124833088 Patching /home/hit/Qt/6.11.0/gcc_64/lib/pkgconfig/Qt6QuickDialogs2.pc
2026-07-28 17:56:29,437 - aqt.updater - INFO - updater 126460124833088 Patching /home/hit/Qt/6.11.0/gcc_64/lib/pkgconfig/Qt6LabsFolderListModel.pc
2026-07-28 17:56:29,437 - aqt.updater - INFO - updater 126460124833088 Patching /home/hit/Qt/6.11.0/gcc_64/lib/pkgconfig/Qt6QmlLocalStorage.pc
2026-07-28 17:56:29,437 - aqt.updater - INFO - updater 126460124833088 Patching /home/hit/Qt/6.11.0/gcc_64/lib/pkgconfig/Qt6Concurrent.pc
2026-07-28 17:56:29,437 - aqt.updater - INFO - updater 126460124833088 Patching /home/hit/Qt/6.11.0/gcc_64/lib/pkgconfig/Qt6Core.pc
2026-07-28 17:56:29,437 - aqt.updater - INFO - updater 126460124833088 Patching /home/hit/Qt/6.11.0/gcc_64/lib/pkgconfig/Qt6QuickControls2Material.pc
2026-07-28 17:56:29,437 - aqt.updater - INFO - updater 126460124833088 Patching /home/hit/Qt/6.11.0/gcc_64/lib/pkgconfig/Qt6QuickControls2Universal.pc
2026-07-28 17:56:29,437 - aqt.updater - INFO - updater 126460124833088 Patching /home/hit/Qt/6.11.0/gcc_64/lib/pkgconfig/Qt6QmlMeta.pc
2026-07-28 17:56:29,437 - aqt.updater - INFO - updater 126460124833088 Patching /home/hit/Qt/6.11.0/gcc_64/lib/pkgconfig/Qt6PrintSupport.pc
2026-07-28 17:56:29,437 - aqt.updater - INFO - updater 126460124833088 Patching /home/hit/Qt/6.11.0/gcc_64/lib/pkgconfig/Qt6QuickVectorImageHelpers.pc
2026-07-28 17:56:29,437 - aqt.updater - INFO - updater 126460124833088 Patching /home/hit/Qt/6.11.0/gcc_64/lib/pkgconfig/Qt6WaylandClient.pc
2026-07-28 17:56:29,437 - aqt.updater - INFO - updater 126460124833088 Patching /home/hit/Qt/6.11.0/gcc_64/lib/pkgconfig/Qt6ChartsQml.pc
2026-07-28 17:56:29,437 - aqt.updater - INFO - updater 126460124833088 Patching /home/hit/Qt/6.11.0/gcc_64/lib/pkgconfig/Qt6Gui.pc
2026-07-28 17:56:29,437 - aqt.updater - INFO - updater 126460124833088 Patching /home/hit/Qt/6.11.0/gcc_64/lib/pkgconfig/Qt6LabsSynchronizer.pc
2026-07-28 17:56:29,437 - aqt.updater - INFO - updater 126460124833088 Patching /home/hit/Qt/6.11.0/gcc_64/lib/pkgconfig/Qt6Platform.pc
2026-07-28 17:56:29,437 - aqt.updater - INFO - updater 126460124833088 Patching /home/hit/Qt/6.11.0/gcc_64/lib/pkgconfig/Qt6OpenGL.pc
2026-07-28 17:56:29,437 - aqt.updater - INFO - updater 126460124833088 Patching /home/hit/Qt/6.11.0/gcc_64/lib/pkgconfig/Qt6LabsWavefrontMesh.pc
2026-07-28 17:56:29,438 - aqt.updater - INFO - updater 126460124833088 Patching /home/hit/Qt/6.11.0/gcc_64/lib/pkgconfig/Qt6QuickControls2MaterialStyleImpl.pc
2026-07-28 17:56:29,438 - aqt.updater - INFO - updater 126460124833088 Patching /home/hit/Qt/6.11.0/gcc_64/lib/pkgconfig/Qt6QmlModels.pc
2026-07-28 17:56:29,438 - aqt.updater - INFO - updater 126460124833088 Patching /home/hit/Qt/6.11.0/gcc_64/lib/pkgconfig/Qt6QuickControls2ImagineStyleImpl.pc
2026-07-28 17:56:29,438 - aqt.updater - INFO - updater 126460124833088 Patching /home/hit/Qt/6.11.0/gcc_64/lib/pkgconfig/Qt6QuickEffects.pc
2026-07-28 17:56:29,438 - aqt.updater - INFO - updater 126460124833088 Patching /home/hit/Qt/6.11.0/gcc_64/lib/pkgconfig/Qt6QmlNetwork.pc
2026-07-28 17:56:29,438 - aqt.updater - INFO - updater 126460124833088 Patching /home/hit/Qt/6.11.0/gcc_64/lib/pkgconfig/Qt6QuickWidgets.pc
2026-07-28 17:56:29,438 - aqt.updater - INFO - updater 126460124833088 Patching /home/hit/Qt/6.11.0/gcc_64/lib/pkgconfig/Qt6Quick.pc
2026-07-28 17:56:29,438 - aqt.updater - INFO - updater 126460124833088 Patching /home/hit/Qt/6.11.0/gcc_64/lib/pkgconfig/Qt6QuickControls2FusionStyleImpl.pc
2026-07-28 17:56:29,438 - aqt.updater - INFO - updater 126460124833088 Patching /home/hit/Qt/6.11.0/gcc_64/lib/pkgconfig/Qt6QuickControls2Imagine.pc
2026-07-28 17:56:29,438 - aqt.updater - INFO - updater 126460124833088 Patching /home/hit/Qt/6.11.0/gcc_64/lib/pkgconfig/Qt6QuickControls2BasicStyleImpl.pc
2026-07-28 17:56:29,438 - aqt.updater - INFO - updater 126460124833088 Patching /home/hit/Qt/6.11.0/gcc_64/lib/pkgconfig/Qt6UiTools.pc
2026-07-28 17:56:29,438 - aqt.updater - INFO - updater 126460124833088 Patching /home/hit/Qt/6.11.0/gcc_64/lib/pkgconfig/Qt6QmlWorkerScript.pc
2026-07-28 17:56:29,438 - aqt.updater - INFO - updater 126460124833088 Patching /home/hit/Qt/6.11.0/gcc_64/lib/pkgconfig/Qt6Designer.pc
2026-07-28 17:56:29,439 - aqt.updater - INFO - updater 126460124833088 Patching /home/hit/Qt/6.11.0/gcc_64/lib/libQt6DesignerComponents.prl
2026-07-28 17:56:29,439 - aqt.updater - INFO - updater 126460124833088 Patching /home/hit/Qt/6.11.0/gcc_64/lib/libQt6QuickShapes.prl
2026-07-28 17:56:29,439 - aqt.updater - INFO - updater 126460124833088 Patching /home/hit/Qt/6.11.0/gcc_64/lib/libQt6Gui.prl
2026-07-28 17:56:29,439 - aqt.updater - INFO - updater 126460124833088 Patching /home/hit/Qt/6.11.0/gcc_64/lib/libQt6FbSupport.prl
2026-07-28 17:56:29,439 - aqt.updater - INFO - updater 126460124833088 Patching /home/hit/Qt/6.11.0/gcc_64/lib/libQt6QmlLocalStorage.prl
2026-07-28 17:56:29,439 - aqt.updater - INFO - updater 126460124833088 Patching /home/hit/Qt/6.11.0/gcc_64/lib/libQt6OpenGLWidgets.prl
2026-07-28 17:56:29,439 - aqt.updater - INFO - updater 126460124833088 Patching /home/hit/Qt/6.11.0/gcc_64/lib/libQt6QuickWidgets.prl
2026-07-28 17:56:29,439 - aqt.updater - INFO - updater 126460124833088 Patching /home/hit/Qt/6.11.0/gcc_64/lib/libQt6QuickControls2Impl.prl
2026-07-28 17:56:29,439 - aqt.updater - INFO - updater 126460124833088 Patching /home/hit/Qt/6.11.0/gcc_64/lib/libQt6QmlTypeRegistrar.prl
2026-07-28 17:56:29,439 - aqt.updater - INFO - updater 126460124833088 Patching /home/hit/Qt/6.11.0/gcc_64/lib/libQt6Help.prl
2026-07-28 17:56:29,439 - aqt.updater - INFO - updater 126460124833088 Patching /home/hit/Qt/6.11.0/gcc_64/lib/libQt6LabsWavefrontMesh.prl
2026-07-28 17:56:29,439 - aqt.updater - INFO - updater 126460124833088 Patching /home/hit/Qt/6.11.0/gcc_64/lib/libQt6QmlMeta.prl
2026-07-28 17:56:29,439 - aqt.updater - INFO - updater 126460124833088 Patching /home/hit/Qt/6.11.0/gcc_64/lib/libQt6QuickControls2Material.prl
2026-07-28 17:56:29,439 - aqt.updater - INFO - updater 126460124833088 Patching /home/hit/Qt/6.11.0/gcc_64/lib/libQt6Charts.prl
2026-07-28 17:56:29,439 - aqt.updater - INFO - updater 126460124833088 Patching /home/hit/Qt/6.11.0/gcc_64/lib/libQt6LabsAnimation.prl
2026-07-28 17:56:29,439 - aqt.updater - INFO - updater 126460124833088 Patching /home/hit/Qt/6.11.0/gcc_64/lib/libQt6QuickTest.prl
2026-07-28 17:56:29,440 - aqt.updater - INFO - updater 126460124833088 Patching /home/hit/Qt/6.11.0/gcc_64/lib/libQt6QmlAssetDownloader.prl
2026-07-28 17:56:29,440 - aqt.updater - INFO - updater 126460124833088 Patching /home/hit/Qt/6.11.0/gcc_64/lib/libQt6LabsPlatform.prl
2026-07-28 17:56:29,440 - aqt.updater - INFO - updater 126460124833088 Patching /home/hit/Qt/6.11.0/gcc_64/lib/libQt6QuickControls2.prl
2026-07-28 17:56:29,440 - aqt.updater - INFO - updater 126460124833088 Patching /home/hit/Qt/6.11.0/gcc_64/lib/libQt6QuickTemplates2.prl
2026-07-28 17:56:29,440 - aqt.updater - INFO - updater 126460124833088 Patching /home/hit/Qt/6.11.0/gcc_64/lib/libQt6DeviceDiscoverySupport.prl
2026-07-28 17:56:29,440 - aqt.updater - INFO - updater 126460124833088 Patching /home/hit/Qt/6.11.0/gcc_64/lib/libQt6QuickControls2UniversalStyleImpl.prl
2026-07-28 17:56:29,440 - aqt.updater - INFO - updater 126460124833088 Patching /home/hit/Qt/6.11.0/gcc_64/lib/libQt6QmlDebug.prl
2026-07-28 17:56:29,440 - aqt.updater - INFO - updater 126460124833088 Patching /home/hit/Qt/6.11.0/gcc_64/lib/libQt6EglFsKmsSupport.prl
2026-07-28 17:56:29,440 - aqt.updater - INFO - updater 126460124833088 Patching /home/hit/Qt/6.11.0/gcc_64/lib/libQt6LabsFolderListModel.prl
2026-07-28 17:56:29,440 - aqt.updater - INFO - updater 126460124833088 Patching /home/hit/Qt/6.11.0/gcc_64/lib/libQt6XcbQpa.prl
2026-07-28 17:56:29,440 - aqt.updater - INFO - updater 126460124833088 Patching /home/hit/Qt/6.11.0/gcc_64/lib/libQt6QuickParticles.prl
2026-07-28 17:56:29,440 - aqt.updater - INFO - updater 126460124833088 Patching /home/hit/Qt/6.11.0/gcc_64/lib/libQt6QuickVectorImageGenerator.prl
2026-07-28 17:56:29,440 - aqt.updater - INFO - updater 126460124833088 Patching /home/hit/Qt/6.11.0/gcc_64/lib/libQt6PrintSupport.prl
2026-07-28 17:56:29,440 - aqt.updater - INFO - updater 126460124833088 Patching /home/hit/Qt/6.11.0/gcc_64/lib/libQt6QmlToolingSettings.prl
2026-07-28 17:56:29,440 - aqt.updater - INFO - updater 126460124833088 Patching /home/hit/Qt/6.11.0/gcc_64/lib/libQt6QmlCore.prl
2026-07-28 17:56:29,440 - aqt.updater - INFO - updater 126460124833088 Patching /home/hit/Qt/6.11.0/gcc_64/lib/libQt6Core.prl
2026-07-28 17:56:29,440 - aqt.updater - INFO - updater 126460124833088 Patching /home/hit/Qt/6.11.0/gcc_64/lib/libQt6EglFSDeviceIntegration.prl
2026-07-28 17:56:29,440 - aqt.updater - INFO - updater 126460124833088 Patching /home/hit/Qt/6.11.0/gcc_64/lib/libQt6QmlWorkerScript.prl
2026-07-28 17:56:29,441 - aqt.updater - INFO - updater 126460124833088 Patching /home/hit/Qt/6.11.0/gcc_64/lib/libQt6EglFsKmsGbmSupport.prl
2026-07-28 17:56:29,441 - aqt.updater - INFO - updater 126460124833088 Patching /home/hit/Qt/6.11.0/gcc_64/lib/libQt6QuickVectorImage.prl
2026-07-28 17:56:29,441 - aqt.updater - INFO - updater 126460124833088 Patching /home/hit/Qt/6.11.0/gcc_64/lib/libQt6QuickControls2FusionStyleImpl.prl
2026-07-28 17:56:29,441 - aqt.updater - INFO - updater 126460124833088 Patching /home/hit/Qt/6.11.0/gcc_64/lib/libQt6Designer.prl
2026-07-28 17:56:29,441 - aqt.updater - INFO - updater 126460124833088 Patching /home/hit/Qt/6.11.0/gcc_64/lib/libQt6QuickLayouts.prl
2026-07-28 17:56:29,441 - aqt.updater - INFO - updater 126460124833088 Patching /home/hit/Qt/6.11.0/gcc_64/lib/libQt6QuickDialogs2QuickImpl.prl
2026-07-28 17:56:29,441 - aqt.updater - INFO - updater 126460124833088 Patching /home/hit/Qt/6.11.0/gcc_64/lib/libQt6WaylandClient.prl
2026-07-28 17:56:29,441 - aqt.updater - INFO - updater 126460124833088 Patching /home/hit/Qt/6.11.0/gcc_64/lib/libQt6QuickEffects.prl
2026-07-28 17:56:29,441 - aqt.updater - INFO - updater 126460124833088 Patching /home/hit/Qt/6.11.0/gcc_64/lib/libQt6QmlXmlListModel.prl
2026-07-28 17:56:29,441 - aqt.updater - INFO - updater 126460124833088 Patching /home/hit/Qt/6.11.0/gcc_64/lib/libQt6QuickTestUtils.prl
2026-07-28 17:56:29,441 - aqt.updater - INFO - updater 126460124833088 Patching /home/hit/Qt/6.11.0/gcc_64/lib/libQt6QuickControls2ImagineStyleImpl.prl
2026-07-28 17:56:29,441 - aqt.updater - INFO - updater 126460124833088 Patching /home/hit/Qt/6.11.0/gcc_64/lib/libQt6QuickControls2Basic.prl
2026-07-28 17:56:29,441 - aqt.updater - INFO - updater 126460124833088 Patching /home/hit/Qt/6.11.0/gcc_64/lib/libQt6Qml.prl
2026-07-28 17:56:29,441 - aqt.updater - INFO - updater 126460124833088 Patching /home/hit/Qt/6.11.0/gcc_64/lib/libQt6DBus.prl
2026-07-28 17:56:29,441 - aqt.updater - INFO - updater 126460124833088 Patching /home/hit/Qt/6.11.0/gcc_64/lib/libQt6Sql.prl
2026-07-28 17:56:29,441 - aqt.updater - INFO - updater 126460124833088 Patching /home/hit/Qt/6.11.0/gcc_64/lib/libQt6SvgWidgets.prl
2026-07-28 17:56:29,441 - aqt.updater - INFO - updater 126460124833088 Patching /home/hit/Qt/6.11.0/gcc_64/lib/libQt6UiTools.prl
2026-07-28 17:56:29,441 - aqt.updater - INFO - updater 126460124833088 Patching /home/hit/Qt/6.11.0/gcc_64/lib/libQt6QmlLS.prl
2026-07-28 17:56:29,441 - aqt.updater - INFO - updater 126460124833088 Patching /home/hit/Qt/6.11.0/gcc_64/lib/libQt6LabsSettings.prl
2026-07-28 17:56:29,441 - aqt.updater - INFO - updater 126460124833088 Patching /home/hit/Qt/6.11.0/gcc_64/lib/libQt6QuickControls2FluentWinUI3StyleImpl.prl
2026-07-28 17:56:29,442 - aqt.updater - INFO - updater 126460124833088 Patching /home/hit/Qt/6.11.0/gcc_64/lib/libQt6LabsSynchronizer.prl
2026-07-28 17:56:29,442 - aqt.updater - INFO - updater 126460124833088 Patching /home/hit/Qt/6.11.0/gcc_64/lib/libQt6QmlFormat.prl
2026-07-28 17:56:29,442 - aqt.updater - INFO - updater 126460124833088 Patching /home/hit/Qt/6.11.0/gcc_64/lib/libQt6QmlDom.prl
2026-07-28 17:56:29,442 - aqt.updater - INFO - updater 126460124833088 Patching /home/hit/Qt/6.11.0/gcc_64/lib/libQt6QuickDialogs2Utils.prl
2026-07-28 17:56:29,442 - aqt.updater - INFO - updater 126460124833088 Patching /home/hit/Qt/6.11.0/gcc_64/lib/libQt6KmsSupport.prl
2026-07-28 17:56:29,442 - aqt.updater - INFO - updater 126460124833088 Patching /home/hit/Qt/6.11.0/gcc_64/lib/libQt6QuickControlsTestUtils.prl
2026-07-28 17:56:29,442 - aqt.updater - INFO - updater 126460124833088 Patching /home/hit/Qt/6.11.0/gcc_64/lib/libQt6Svg.prl
2026-07-28 17:56:29,442 - aqt.updater - INFO - updater 126460124833088 Patching /home/hit/Qt/6.11.0/gcc_64/lib/libQt6QuickControls2Imagine.prl
2026-07-28 17:56:29,442 - aqt.updater - INFO - updater 126460124833088 Patching /home/hit/Qt/6.11.0/gcc_64/lib/libQt6QuickControls2Fusion.prl
2026-07-28 17:56:29,442 - aqt.updater - INFO - updater 126460124833088 Patching /home/hit/Qt/6.11.0/gcc_64/lib/libQt6LabsStyleKitImpl.prl
2026-07-28 17:56:29,442 - aqt.updater - INFO - updater 126460124833088 Patching /home/hit/Qt/6.11.0/gcc_64/lib/libQt6Test.prl
2026-07-28 17:56:29,442 - aqt.updater - INFO - updater 126460124833088 Patching /home/hit/Qt/6.11.0/gcc_64/lib/libQt6LabsQmlModels.prl
2026-07-28 17:56:29,442 - aqt.updater - INFO - updater 126460124833088 Patching /home/hit/Qt/6.11.0/gcc_64/lib/libQt6OpenGL.prl
2026-07-28 17:56:29,442 - aqt.updater - INFO - updater 126460124833088 Patching /home/hit/Qt/6.11.0/gcc_64/lib/libQt6QuickControls2Universal.prl
2026-07-28 17:56:29,442 - aqt.updater - INFO - updater 126460124833088 Patching /home/hit/Qt/6.11.0/gcc_64/lib/libQt6QuickVectorImageHelpers.prl
2026-07-28 17:56:29,442 - aqt.updater - INFO - updater 126460124833088 Patching /home/hit/Qt/6.11.0/gcc_64/lib/libQt6QmlCompiler.prl
2026-07-28 17:56:29,442 - aqt.updater - INFO - updater 126460124833088 Patching /home/hit/Qt/6.11.0/gcc_64/lib/libQt6PacketProtocol.prl
2026-07-28 17:56:29,442 - aqt.updater - INFO - updater 126460124833088 Patching /home/hit/Qt/6.11.0/gcc_64/lib/libQt6ChartsQml.prl
2026-07-28 17:56:29,442 - aqt.updater - INFO - updater 126460124833088 Patching /home/hit/Qt/6.11.0/gcc_64/lib/libQt6QmlModels.prl
2026-07-28 17:56:29,442 - aqt.updater - INFO - updater 126460124833088 Patching /home/hit/Qt/6.11.0/gcc_64/lib/libQt6WlShellIntegration.prl
2026-07-28 17:56:29,443 - aqt.updater - INFO - updater 126460124833088 Patching /home/hit/Qt/6.11.0/gcc_64/lib/libQt6Xml.prl
2026-07-28 17:56:29,443 - aqt.updater - INFO - updater 126460124833088 Patching /home/hit/Qt/6.11.0/gcc_64/lib/libQt6LabsStyleKit.prl
2026-07-28 17:56:29,443 - aqt.updater - INFO - updater 126460124833088 Patching /home/hit/Qt/6.11.0/gcc_64/lib/libQt6QuickControls2BasicStyleImpl.prl
2026-07-28 17:56:29,443 - aqt.updater - INFO - updater 126460124833088 Patching /home/hit/Qt/6.11.0/gcc_64/lib/libQt6QuickDialogs2.prl
2026-07-28 17:56:29,443 - aqt.updater - INFO - updater 126460124833088 Patching /home/hit/Qt/6.11.0/gcc_64/lib/libQt6Network.prl
2026-07-28 17:56:29,443 - aqt.updater - INFO - updater 126460124833088 Patching /home/hit/Qt/6.11.0/gcc_64/lib/libQt6LabsSharedImage.prl
2026-07-28 17:56:29,443 - aqt.updater - INFO - updater 126460124833088 Patching /home/hit/Qt/6.11.0/gcc_64/lib/libQt6QuickShapesDesignHelpers.prl
2026-07-28 17:56:29,443 - aqt.updater - INFO - updater 126460124833088 Patching /home/hit/Qt/6.11.0/gcc_64/lib/libQt6QmlNetwork.prl
2026-07-28 17:56:29,443 - aqt.updater - INFO - updater 126460124833088 Patching /home/hit/Qt/6.11.0/gcc_64/lib/libQt6Concurrent.prl
2026-07-28 17:56:29,443 - aqt.updater - INFO - updater 126460124833088 Patching /home/hit/Qt/6.11.0/gcc_64/lib/libQt6QuickControls2MaterialStyleImpl.prl
2026-07-28 17:56:29,443 - aqt.updater - INFO - updater 126460124833088 Patching /home/hit/Qt/6.11.0/gcc_64/lib/libQt6Quick.prl
2026-07-28 17:56:29,443 - aqt.updater - INFO - updater 126460124833088 Patching /home/hit/Qt/6.11.0/gcc_64/lib/libQt6InputSupport.prl
2026-07-28 17:56:29,443 - aqt.updater - INFO - updater 126460124833088 Patching /home/hit/Qt/6.11.0/gcc_64/lib/libQt6Widgets.prl
2026-07-28 17:56:29,443 - aqt.main - INFO - installer 126460124833088 Finished installation
2026-07-28 17:56:29,443 - aqt.main - INFO - installer 126460124833088 Time elapsed: 74.54606395 second
2026-07-28 18:51:43,200 - aqt.main - INFO - installer 140026411046208 aqtinstall(aqt) v3.3.0 on Python 3.12.3 [CPython GCC 13.3.0]
2026-07-28 18:51:43,201 - aqt.helper - DEBUG - helper 140026411046208 Attempt to download checksum at https://download.qt.io/online/qtsdkrepository/linux_x64/desktop/qt6_6110/qt6_6110/Updates.xml.sha256
2026-07-28 18:51:58,207 - aqt.helper - DEBUG - helper 140026411046208 Attempt to download checksum at https://download.qt.io/online/qtsdkrepository/linux_x64/extensions/qtwebengine/6110/x86_64/Updates.xml.sha256
2026-07-28 18:52:02,525 - aqt.archives - INFO - archives 140026411046208 Found extension qtwebengine
2026-07-28 18:52:02,526 - aqt.helper - DEBUG - helper 140026411046208 Attempt to download checksum at https://download.qt.io/online/qtsdkrepository/linux_x64/extensions/qtpdf/6110/x86_64/Updates.xml.sha256
2026-07-28 18:52:06,809 - aqt.archives - INFO - archives 140026411046208 Found extension qtpdf
2026-07-28 18:52:06,970 - aqt.helper - DEBUG - helper 131674661123392 Attempt to download checksum at https://download.qt.io/online/qtsdkrepository/linux_x64/desktop/qt6_6110/qt6_6110/qt.qt6.6110.addons.qtshadertools.linux_gcc_64/6.11.0-0-202603180534qtshadertools-Linux-RHEL_9_6-GCC-Linux-RHEL_9_6-X86_64.7z.sha256
2026-07-28 18:52:06,982 - aqt.helper - DEBUG - helper 135302857655616 Attempt to download checksum at https://download.qt.io/online/qtsdkrepository/linux_x64/desktop/qt6_6110/qt6_6110/qt.qt6.6110.linux_gcc_64/6.11.0-0-202603180534qtdeclarative-Linux-RHEL_9_6-GCC-Linux-RHEL_9_6-X86_64.7z.sha256
2026-07-28 18:52:06,982 - aqt.helper - DEBUG - helper 126106457421120 Attempt to download checksum at https://download.qt.io/online/qtsdkrepository/linux_x64/desktop/qt6_6110/qt6_6110/qt.qt6.6110.linux_gcc_64/6.11.0-0-202603180534qtsvg-Linux-RHEL_9_6-GCC-Linux-RHEL_9_6-X86_64.7z.sha256
2026-07-28 18:52:06,982 - aqt.helper - DEBUG - helper 129161117562176 Attempt to download checksum at https://download.qt.io/online/qtsdkrepository/linux_x64/desktop/qt6_6110/qt6_6110/qt.qt6.6110.linux_gcc_64/6.11.0-0-202603180534qtbase-Linux-RHEL_9_6-GCC-Linux-RHEL_9_6-X86_64.7z.sha256
2026-07-28 18:52:09,077 - aqt.helper - INFO - helper 126106457421120 Downloading qtsvg...
2026-07-28 18:52:09,078 - aqt.installer - DEBUG - installer 126106457421120 Download URL: https://download.qt.io/online/qtsdkrepository/linux_x64/desktop/qt6_6110/qt6_6110/qt.qt6.6110.linux_gcc_64/6.11.0-0-202603180534qtsvg-Linux-RHEL_9_6-GCC-Linux-RHEL_9_6-X86_64.7z
2026-07-28 18:52:10,410 - aqt.helper - INFO - helper 129161117562176 Downloading qtbase...
2026-07-28 18:52:10,410 - aqt.installer - DEBUG - installer 129161117562176 Download URL: https://download.qt.io/online/qtsdkrepository/linux_x64/desktop/qt6_6110/qt6_6110/qt.qt6.6110.linux_gcc_64/6.11.0-0-202603180534qtbase-Linux-RHEL_9_6-GCC-Linux-RHEL_9_6-X86_64.7z
2026-07-28 18:52:12,498 - aqt.helper - INFO - helper 135302857655616 Downloading qtdeclarative...
2026-07-28 18:52:12,498 - aqt.installer - DEBUG - installer 135302857655616 Download URL: https://download.qt.io/online/qtsdkrepository/linux_x64/desktop/qt6_6110/qt6_6110/qt.qt6.6110.linux_gcc_64/6.11.0-0-202603180534qtdeclarative-Linux-RHEL_9_6-GCC-Linux-RHEL_9_6-X86_64.7z
2026-07-28 18:52:13,064 - aqt.helper - INFO - helper 131674661123392 Downloading qtshadertools...
2026-07-28 18:52:13,065 - aqt.installer - DEBUG - installer 131674661123392 Download URL: https://download.qt.io/online/qtsdkrepository/linux_x64/desktop/qt6_6110/qt6_6110/qt.qt6.6110.addons.qtshadertools.linux_gcc_64/6.11.0-0-202603180534qtshadertools-Linux-RHEL_9_6-GCC-Linux-RHEL_9_6-X86_64.7z
2026-07-28 18:52:13,227 - aqt.helper - DEBUG - helper 129161117562176 Asked to redirect(302) to: https://mirror.accum.se/mirror/qt.io/qtproject/online/qtsdkrepository/linux_x64/desktop/qt6_6110/qt6_6110/qt.qt6.6110.linux_gcc_64/6.11.0-0-202603180534qtbase-Linux-RHEL_9_6-GCC-Linux-RHEL_9_6-X86_64.7z
2026-07-28 18:52:13,227 - aqt.helper - INFO - helper 129161117562176 Redirected: mirror.accum.se
2026-07-28 18:52:15,047 - aqt.helper - DEBUG - helper 131674661123392 Asked to redirect(302) to: https://mirrors.ukfast.co.uk/sites/qt.io/online/qtsdkrepository/linux_x64/desktop/qt6_6110/qt6_6110/qt.qt6.6110.addons.qtshadertools.linux_gcc_64/6.11.0-0-202603180534qtshadertools-Linux-RHEL_9_6-GCC-Linux-RHEL_9_6-X86_64.7z
2026-07-28 18:52:15,047 - aqt.helper - INFO - helper 131674661123392 Redirected: mirrors.ukfast.co.uk
2026-07-28 18:52:15,809 - aqt.helper - DEBUG - helper 126106457421120 Asked to redirect(302) to: https://mirror.accum.se/mirror/qt.io/qtproject/online/qtsdkrepository/linux_x64/desktop/qt6_6110/qt6_6110/qt.qt6.6110.linux_gcc_64/6.11.0-0-202603180534qtsvg-Linux-RHEL_9_6-GCC-Linux-RHEL_9_6-X86_64.7z
2026-07-28 18:52:15,809 - aqt.helper - INFO - helper 126106457421120 Redirected: mirror.accum.se
2026-07-28 18:52:16,632 - aqt.helper - DEBUG - helper 135302857655616 Asked to redirect(302) to: https://mirror.accum.se/mirror/qt.io/qtproject/online/qtsdkrepository/linux_x64/desktop/qt6_6110/qt6_6110/qt.qt6.6110.linux_gcc_64/6.11.0-0-202603180534qtdeclarative-Linux-RHEL_9_6-GCC-Linux-RHEL_9_6-X86_64.7z
2026-07-28 18:52:16,633 - aqt.helper - INFO - helper 135302857655616 Redirected: mirror.accum.se
2026-07-28 18:52:18,032 - aqt.installer - INFO - installer 131674661123392 Finished installation of qtshadertools-Linux-RHEL_9_6-GCC-Linux-RHEL_9_6-X86_64.7z in 11.06388093
2026-07-28 18:52:18,041 - aqt.helper - DEBUG - helper 131674661123392 Attempt to download checksum at https://download.qt.io/online/qtsdkrepository/linux_x64/desktop/qt6_6110/qt6_6110/qt.qt6.6110.linux_gcc_64/6.11.0-0-202603180534qtdoc-Linux-RHEL_9_6-GCC-Linux-RHEL_9_6-X86_64.7z.sha256
2026-07-28 18:52:18,684 - aqt.installer - INFO - installer 126106457421120 Finished installation of qtsvg-Linux-RHEL_9_6-GCC-Linux-RHEL_9_6-X86_64.7z in 11.70341383
2026-07-28 18:52:18,691 - aqt.helper - DEBUG - helper 126106457421120 Attempt to download checksum at https://download.qt.io/online/qtsdkrepository/linux_x64/desktop/qt6_6110/qt6_6110/qt.qt6.6110.linux_gcc_64/6.11.0-0-202603180534qttools-Linux-RHEL_9_6-GCC-Linux-RHEL_9_6-X86_64.7z.sha256
2026-07-28 18:52:24,850 - aqt.helper - INFO - helper 131674661123392 Downloading qtdoc...
2026-07-28 18:52:24,850 - aqt.installer - DEBUG - installer 131674661123392 Download URL: https://download.qt.io/online/qtsdkrepository/linux_x64/desktop/qt6_6110/qt6_6110/qt.qt6.6110.linux_gcc_64/6.11.0-0-202603180534qtdoc-Linux-RHEL_9_6-GCC-Linux-RHEL_9_6-X86_64.7z
2026-07-28 18:52:26,712 - aqt.installer - INFO - installer 129161117562176 Finished installation of qtbase-Linux-RHEL_9_6-GCC-Linux-RHEL_9_6-X86_64.7z in 19.73121867
2026-07-28 18:52:26,722 - aqt.helper - DEBUG - helper 129161117562176 Attempt to download checksum at https://download.qt.io/online/qtsdkrepository/linux_x64/desktop/qt6_6110/qt6_6110/qt.qt6.6110.linux_gcc_64/6.11.0-0-202603180534qttranslations-Linux-RHEL_9_6-GCC-Linux-RHEL_9_6-X86_64.7z.sha256
2026-07-28 18:52:26,783 - aqt.helper - DEBUG - helper 131674661123392 Asked to redirect(302) to: https://mirror.accum.se/mirror/qt.io/qtproject/online/qtsdkrepository/linux_x64/desktop/qt6_6110/qt6_6110/qt.qt6.6110.linux_gcc_64/6.11.0-0-202603180534qtdoc-Linux-RHEL_9_6-GCC-Linux-RHEL_9_6-X86_64.7z
2026-07-28 18:52:26,783 - aqt.helper - INFO - helper 131674661123392 Redirected: mirror.accum.se
2026-07-28 18:52:28,863 - aqt.helper - INFO - helper 129161117562176 Downloading qttranslations...
2026-07-28 18:52:28,863 - aqt.installer - DEBUG - installer 129161117562176 Download URL: https://download.qt.io/online/qtsdkrepository/linux_x64/desktop/qt6_6110/qt6_6110/qt.qt6.6110.linux_gcc_64/6.11.0-0-202603180534qttranslations-Linux-RHEL_9_6-GCC-Linux-RHEL_9_6-X86_64.7z
2026-07-28 18:52:30,716 - aqt.installer - INFO - installer 131674661123392 Finished installation of qtdoc-Linux-RHEL_9_6-GCC-Linux-RHEL_9_6-X86_64.7z in 12.67584346
2026-07-28 18:52:30,725 - aqt.helper - DEBUG - helper 131674661123392 Attempt to download checksum at https://download.qt.io/online/qtsdkrepository/linux_x64/desktop/qt6_6110/qt6_6110/qt.qt6.6110.linux_gcc_64/6.11.0-0-202603180534qtwayland-Linux-RHEL_9_6-GCC-Linux-RHEL_9_6-X86_64.7z.sha256
2026-07-28 18:52:31,018 - aqt.helper - DEBUG - helper 129161117562176 Asked to redirect(302) to: https://mirrors.20i.com/pub/qt.io/online/qtsdkrepository/linux_x64/desktop/qt6_6110/qt6_6110/qt.qt6.6110.linux_gcc_64/6.11.0-0-202603180534qttranslations-Linux-RHEL_9_6-GCC-Linux-RHEL_9_6-X86_64.7z
2026-07-28 18:52:31,019 - aqt.helper - INFO - helper 129161117562176 Redirected: mirrors.20i.com
2026-07-28 18:52:32,137 - aqt.helper - INFO - helper 126106457421120 Downloading qttools...
2026-07-28 18:52:32,138 - aqt.installer - DEBUG - installer 126106457421120 Download URL: https://download.qt.io/online/qtsdkrepository/linux_x64/desktop/qt6_6110/qt6_6110/qt.qt6.6110.linux_gcc_64/6.11.0-0-202603180534qttools-Linux-RHEL_9_6-GCC-Linux-RHEL_9_6-X86_64.7z
2026-07-28 18:52:33,450 - aqt.helper - INFO - helper 131674661123392 Downloading qtwayland...
2026-07-28 18:52:33,450 - aqt.installer - DEBUG - installer 131674661123392 Download URL: https://download.qt.io/online/qtsdkrepository/linux_x64/desktop/qt6_6110/qt6_6110/qt.qt6.6110.linux_gcc_64/6.11.0-0-202603180534qtwayland-Linux-RHEL_9_6-GCC-Linux-RHEL_9_6-X86_64.7z
2026-07-28 18:52:34,983 - aqt.installer - INFO - installer 129161117562176 Finished installation of qttranslations-Linux-RHEL_9_6-GCC-Linux-RHEL_9_6-X86_64.7z in 8.26091088
2026-07-28 18:52:35,021 - aqt.helper - DEBUG - helper 129161117562176 Attempt to download checksum at https://download.qt.io/online/qtsdkrepository/linux_x64/desktop/qt6_6110/qt6_6110/qt.qt6.6110.linux_gcc_64/6.11.0-0-202603180534icu-linux-Rhel8.6-x86_64.7z.sha256
2026-07-28 18:52:37,565 - aqt.helper - DEBUG - helper 126106457421120 Asked to redirect(302) to: https://www.nic.funet.fi/pub/mirrors/download.qt-project.org/online/qtsdkrepository/linux_x64/desktop/qt6_6110/qt6_6110/qt.qt6.6110.linux_gcc_64/6.11.0-0-202603180534qttools-Linux-RHEL_9_6-GCC-Linux-RHEL_9_6-X86_64.7z
2026-07-28 18:52:37,566 - aqt.helper - INFO - helper 126106457421120 Redirected: www.nic.funet.fi
2026-07-28 18:52:38,685 - aqt.helper - INFO - helper 129161117562176 Downloading icu...
2026-07-28 18:52:38,686 - aqt.installer - DEBUG - installer 129161117562176 Download URL: https://download.qt.io/online/qtsdkrepository/linux_x64/desktop/qt6_6110/qt6_6110/qt.qt6.6110.linux_gcc_64/6.11.0-0-202603180534icu-linux-Rhel8.6-x86_64.7z
2026-07-28 18:52:40,498 - aqt.helper - DEBUG - helper 129161117562176 Asked to redirect(302) to: https://mirrors.20i.com/pub/qt.io/online/qtsdkrepository/linux_x64/desktop/qt6_6110/qt6_6110/qt.qt6.6110.linux_gcc_64/6.11.0-0-202603180534icu-linux-Rhel8.6-x86_64.7z
2026-07-28 18:52:40,498 - aqt.helper - INFO - helper 129161117562176 Redirected: mirrors.20i.com
2026-07-28 18:52:43,159 - aqt.helper - DEBUG - helper 131674661123392 Asked to redirect(302) to: https://www.nic.funet.fi/pub/mirrors/download.qt-project.org/online/qtsdkrepository/linux_x64/desktop/qt6_6110/qt6_6110/qt.qt6.6110.linux_gcc_64/6.11.0-0-202603180534qtwayland-Linux-RHEL_9_6-GCC-Linux-RHEL_9_6-X86_64.7z
2026-07-28 18:52:43,159 - aqt.helper - INFO - helper 131674661123392 Redirected: www.nic.funet.fi
2026-07-28 18:52:45,765 - aqt.installer - INFO - installer 131674661123392 Finished installation of qtwayland-Linux-RHEL_9_6-GCC-Linux-RHEL_9_6-X86_64.7z in 15.04012734
2026-07-28 18:52:47,707 - aqt.installer - INFO - installer 129161117562176 Finished installation of icu-linux-Rhel8.6-x86_64.7z in 12.68725240
2026-07-28 18:52:51,081 - aqt.installer - INFO - installer 126106457421120 Finished installation of qttools-Linux-RHEL_9_6-GCC-Linux-RHEL_9_6-X86_64.7z in 32.39107859
2026-07-28 18:52:51,458 - aqt.installer - INFO - installer 135302857655616 Finished installation of qtdeclarative-Linux-RHEL_9_6-GCC-Linux-RHEL_9_6-X86_64.7z in 44.47725541
2026-07-28 18:52:51,532 - aqt.updater - INFO - updater 140026411046208 Patching /home/hit/Qt/6.11.0/gcc_64/bin/qmake
2026-07-28 18:52:51,535 - aqt.updater - INFO - updater 140026411046208 Patching /home/hit/Qt/6.11.0/gcc_64/lib/pkgconfig/Qt6LabsAnimation.pc
2026-07-28 18:52:51,535 - aqt.updater - INFO - updater 140026411046208 Patching /home/hit/Qt/6.11.0/gcc_64/lib/pkgconfig/Qt6QuickControls2Fusion.pc
2026-07-28 18:52:51,535 - aqt.updater - INFO - updater 140026411046208 Patching /home/hit/Qt/6.11.0/gcc_64/lib/pkgconfig/Qt6QmlCore.pc
2026-07-28 18:52:51,535 - aqt.updater - INFO - updater 140026411046208 Patching /home/hit/Qt/6.11.0/gcc_64/lib/pkgconfig/Qt6Help.pc
2026-07-28 18:52:51,535 - aqt.updater - INFO - updater 140026411046208 Patching /home/hit/Qt/6.11.0/gcc_64/lib/pkgconfig/Qt6Test.pc
2026-07-28 18:52:51,535 - aqt.updater - INFO - updater 140026411046208 Patching /home/hit/Qt/6.11.0/gcc_64/lib/pkgconfig/Qt6QuickDialogs2Utils.pc
2026-07-28 18:52:51,536 - aqt.updater - INFO - updater 140026411046208 Patching /home/hit/Qt/6.11.0/gcc_64/lib/pkgconfig/Qt6QmlIntegration.pc
2026-07-28 18:52:51,536 - aqt.updater - INFO - updater 140026411046208 Patching /home/hit/Qt/6.11.0/gcc_64/lib/pkgconfig/Qt6QuickTest.pc
2026-07-28 18:52:51,536 - aqt.updater - INFO - updater 140026411046208 Patching /home/hit/Qt/6.11.0/gcc_64/lib/pkgconfig/Qt6QuickShapes.pc
2026-07-28 18:52:51,536 - aqt.updater - INFO - updater 140026411046208 Patching /home/hit/Qt/6.11.0/gcc_64/lib/pkgconfig/Qt6DBus.pc
2026-07-28 18:52:51,536 - aqt.updater - INFO - updater 140026411046208 Patching /home/hit/Qt/6.11.0/gcc_64/lib/pkgconfig/Qt6QuickControls2Impl.pc
2026-07-28 18:52:51,536 - aqt.updater - INFO - updater 140026411046208 Patching /home/hit/Qt/6.11.0/gcc_64/lib/pkgconfig/Qt6Network.pc
2026-07-28 18:52:51,536 - aqt.updater - INFO - updater 140026411046208 Patching /home/hit/Qt/6.11.0/gcc_64/lib/pkgconfig/Qt6QuickControls2Basic.pc
2026-07-28 18:52:51,536 - aqt.updater - INFO - updater 140026411046208 Patching /home/hit/Qt/6.11.0/gcc_64/lib/pkgconfig/Qt6Sql.pc
2026-07-28 18:52:51,536 - aqt.updater - INFO - updater 140026411046208 Patching /home/hit/Qt/6.11.0/gcc_64/lib/pkgconfig/Qt6Xml.pc
2026-07-28 18:52:51,536 - aqt.updater - INFO - updater 140026411046208 Patching /home/hit/Qt/6.11.0/gcc_64/lib/pkgconfig/Qt6OpenGLWidgets.pc
2026-07-28 18:52:51,536 - aqt.updater - INFO - updater 140026411046208 Patching /home/hit/Qt/6.11.0/gcc_64/lib/pkgconfig/Qt6QuickVectorImage.pc
2026-07-28 18:52:51,536 - aqt.updater - INFO - updater 140026411046208 Patching /home/hit/Qt/6.11.0/gcc_64/lib/pkgconfig/Qt6LabsStyleKitImpl.pc
2026-07-28 18:52:51,536 - aqt.updater - INFO - updater 140026411046208 Patching /home/hit/Qt/6.11.0/gcc_64/lib/pkgconfig/Qt6QmlCompiler.pc
2026-07-28 18:52:51,536 - aqt.updater - INFO - updater 140026411046208 Patching /home/hit/Qt/6.11.0/gcc_64/lib/pkgconfig/Qt6QuickLayouts.pc
2026-07-28 18:52:51,536 - aqt.updater - INFO - updater 140026411046208 Patching /home/hit/Qt/6.11.0/gcc_64/lib/pkgconfig/Qt6Linguist.pc
2026-07-28 18:52:51,536 - aqt.updater - INFO - updater 140026411046208 Patching /home/hit/Qt/6.11.0/gcc_64/lib/pkgconfig/Qt6QmlXmlListModel.pc
2026-07-28 18:52:51,536 - aqt.updater - INFO - updater 140026411046208 Patching /home/hit/Qt/6.11.0/gcc_64/lib/pkgconfig/Qt6QuickTemplates2.pc
2026-07-28 18:52:51,536 - aqt.updater - INFO - updater 140026411046208 Patching /home/hit/Qt/6.11.0/gcc_64/lib/pkgconfig/Qt6QuickControls2UniversalStyleImpl.pc
2026-07-28 18:52:51,536 - aqt.updater - INFO - updater 140026411046208 Patching /home/hit/Qt/6.11.0/gcc_64/lib/pkgconfig/Qt6LabsPlatform.pc
2026-07-28 18:52:51,536 - aqt.updater - INFO - updater 140026411046208 Patching /home/hit/Qt/6.11.0/gcc_64/lib/pkgconfig/Qt6SvgWidgets.pc
2026-07-28 18:52:51,536 - aqt.updater - INFO - updater 140026411046208 Patching /home/hit/Qt/6.11.0/gcc_64/lib/pkgconfig/Qt6QuickControls2.pc
2026-07-28 18:52:51,536 - aqt.updater - INFO - updater 140026411046208 Patching /home/hit/Qt/6.11.0/gcc_64/lib/pkgconfig/Qt6LabsSettings.pc
2026-07-28 18:52:51,536 - aqt.updater - INFO - updater 140026411046208 Patching /home/hit/Qt/6.11.0/gcc_64/lib/pkgconfig/Qt6LabsStyleKit.pc
2026-07-28 18:52:51,536 - aqt.updater - INFO - updater 140026411046208 Patching /home/hit/Qt/6.11.0/gcc_64/lib/pkgconfig/Qt6QuickControls2FluentWinUI3StyleImpl.pc
2026-07-28 18:52:51,536 - aqt.updater - INFO - updater 140026411046208 Patching /home/hit/Qt/6.11.0/gcc_64/lib/pkgconfig/Qt6Charts.pc
2026-07-28 18:52:51,537 - aqt.updater - INFO - updater 140026411046208 Patching /home/hit/Qt/6.11.0/gcc_64/lib/pkgconfig/Qt6LabsQmlModels.pc
2026-07-28 18:52:51,537 - aqt.updater - INFO - updater 140026411046208 Patching /home/hit/Qt/6.11.0/gcc_64/lib/pkgconfig/Qt6QuickDialogs2QuickImpl.pc
2026-07-28 18:52:51,537 - aqt.updater - INFO - updater 140026411046208 Patching /home/hit/Qt/6.11.0/gcc_64/lib/pkgconfig/Qt6Widgets.pc
2026-07-28 18:52:51,537 - aqt.updater - INFO - updater 140026411046208 Patching /home/hit/Qt/6.11.0/gcc_64/lib/pkgconfig/Qt6UiPlugin.pc
2026-07-28 18:52:51,537 - aqt.updater - INFO - updater 140026411046208 Patching /home/hit/Qt/6.11.0/gcc_64/lib/pkgconfig/Qt6LabsSharedImage.pc
2026-07-28 18:52:51,537 - aqt.updater - INFO - updater 140026411046208 Patching /home/hit/Qt/6.11.0/gcc_64/lib/pkgconfig/Qt6Svg.pc
2026-07-28 18:52:51,537 - aqt.updater - INFO - updater 140026411046208 Patching /home/hit/Qt/6.11.0/gcc_64/lib/pkgconfig/Qt6Qml.pc
2026-07-28 18:52:51,537 - aqt.updater - INFO - updater 140026411046208 Patching /home/hit/Qt/6.11.0/gcc_64/lib/pkgconfig/Qt6QuickDialogs2.pc
2026-07-28 18:52:51,537 - aqt.updater - INFO - updater 140026411046208 Patching /home/hit/Qt/6.11.0/gcc_64/lib/pkgconfig/Qt6LabsFolderListModel.pc
2026-07-28 18:52:51,537 - aqt.updater - INFO - updater 140026411046208 Patching /home/hit/Qt/6.11.0/gcc_64/lib/pkgconfig/Qt6QmlLocalStorage.pc
2026-07-28 18:52:51,537 - aqt.updater - INFO - updater 140026411046208 Patching /home/hit/Qt/6.11.0/gcc_64/lib/pkgconfig/Qt6Concurrent.pc
2026-07-28 18:52:51,537 - aqt.updater - INFO - updater 140026411046208 Patching /home/hit/Qt/6.11.0/gcc_64/lib/pkgconfig/Qt6Core.pc
2026-07-28 18:52:51,537 - aqt.updater - INFO - updater 140026411046208 Patching /home/hit/Qt/6.11.0/gcc_64/lib/pkgconfig/Qt6QuickControls2Material.pc
2026-07-28 18:52:51,537 - aqt.updater - INFO - updater 140026411046208 Patching /home/hit/Qt/6.11.0/gcc_64/lib/pkgconfig/Qt6QuickControls2Universal.pc
2026-07-28 18:52:51,537 - aqt.updater - INFO - updater 140026411046208 Patching /home/hit/Qt/6.11.0/gcc_64/lib/pkgconfig/Qt6QmlMeta.pc
2026-07-28 18:52:51,537 - aqt.updater - INFO - updater 140026411046208 Patching /home/hit/Qt/6.11.0/gcc_64/lib/pkgconfig/Qt6PrintSupport.pc
2026-07-28 18:52:51,537 - aqt.updater - INFO - updater 140026411046208 Patching /home/hit/Qt/6.11.0/gcc_64/lib/pkgconfig/Qt6QuickVectorImageHelpers.pc
2026-07-28 18:52:51,537 - aqt.updater - INFO - updater 140026411046208 Patching /home/hit/Qt/6.11.0/gcc_64/lib/pkgconfig/Qt6ShaderTools.pc
2026-07-28 18:52:51,537 - aqt.updater - INFO - updater 140026411046208 Patching /home/hit/Qt/6.11.0/gcc_64/lib/pkgconfig/Qt6WaylandClient.pc
2026-07-28 18:52:51,537 - aqt.updater - INFO - updater 140026411046208 Patching /home/hit/Qt/6.11.0/gcc_64/lib/pkgconfig/Qt6ChartsQml.pc
2026-07-28 18:52:51,537 - aqt.updater - INFO - updater 140026411046208 Patching /home/hit/Qt/6.11.0/gcc_64/lib/pkgconfig/Qt6Gui.pc
2026-07-28 18:52:51,537 - aqt.updater - INFO - updater 140026411046208 Patching /home/hit/Qt/6.11.0/gcc_64/lib/pkgconfig/Qt6LabsSynchronizer.pc
2026-07-28 18:52:51,537 - aqt.updater - INFO - updater 140026411046208 Patching /home/hit/Qt/6.11.0/gcc_64/lib/pkgconfig/Qt6Platform.pc
2026-07-28 18:52:51,537 - aqt.updater - INFO - updater 140026411046208 Patching /home/hit/Qt/6.11.0/gcc_64/lib/pkgconfig/Qt6OpenGL.pc
2026-07-28 18:52:51,537 - aqt.updater - INFO - updater 140026411046208 Patching /home/hit/Qt/6.11.0/gcc_64/lib/pkgconfig/Qt6LabsWavefrontMesh.pc
2026-07-28 18:52:51,537 - aqt.updater - INFO - updater 140026411046208 Patching /home/hit/Qt/6.11.0/gcc_64/lib/pkgconfig/Qt6QuickControls2MaterialStyleImpl.pc
2026-07-28 18:52:51,538 - aqt.updater - INFO - updater 140026411046208 Patching /home/hit/Qt/6.11.0/gcc_64/lib/pkgconfig/Qt6QmlModels.pc
2026-07-28 18:52:51,538 - aqt.updater - INFO - updater 140026411046208 Patching /home/hit/Qt/6.11.0/gcc_64/lib/pkgconfig/Qt6QuickControls2ImagineStyleImpl.pc
2026-07-28 18:52:51,538 - aqt.updater - INFO - updater 140026411046208 Patching /home/hit/Qt/6.11.0/gcc_64/lib/pkgconfig/Qt6QuickEffects.pc
2026-07-28 18:52:51,538 - aqt.updater - INFO - updater 140026411046208 Patching /home/hit/Qt/6.11.0/gcc_64/lib/pkgconfig/Qt6QmlNetwork.pc
2026-07-28 18:52:51,538 - aqt.updater - INFO - updater 140026411046208 Patching /home/hit/Qt/6.11.0/gcc_64/lib/pkgconfig/Qt6QuickWidgets.pc
2026-07-28 18:52:51,538 - aqt.updater - INFO - updater 140026411046208 Patching /home/hit/Qt/6.11.0/gcc_64/lib/pkgconfig/Qt6Quick.pc
2026-07-28 18:52:51,538 - aqt.updater - INFO - updater 140026411046208 Patching /home/hit/Qt/6.11.0/gcc_64/lib/pkgconfig/Qt6QuickControls2FusionStyleImpl.pc
2026-07-28 18:52:51,538 - aqt.updater - INFO - updater 140026411046208 Patching /home/hit/Qt/6.11.0/gcc_64/lib/pkgconfig/Qt6QuickControls2Imagine.pc
2026-07-28 18:52:51,538 - aqt.updater - INFO - updater 140026411046208 Patching /home/hit/Qt/6.11.0/gcc_64/lib/pkgconfig/Qt6QuickControls2BasicStyleImpl.pc
2026-07-28 18:52:51,538 - aqt.updater - INFO - updater 140026411046208 Patching /home/hit/Qt/6.11.0/gcc_64/lib/pkgconfig/Qt6UiTools.pc
2026-07-28 18:52:51,538 - aqt.updater - INFO - updater 140026411046208 Patching /home/hit/Qt/6.11.0/gcc_64/lib/pkgconfig/Qt6QmlWorkerScript.pc
2026-07-28 18:52:51,538 - aqt.updater - INFO - updater 140026411046208 Patching /home/hit/Qt/6.11.0/gcc_64/lib/pkgconfig/Qt6Designer.pc
2026-07-28 18:52:51,538 - aqt.updater - INFO - updater 140026411046208 Patching /home/hit/Qt/6.11.0/gcc_64/lib/libQt6DesignerComponents.prl
2026-07-28 18:52:51,538 - aqt.updater - INFO - updater 140026411046208 Patching /home/hit/Qt/6.11.0/gcc_64/lib/libQt6QuickShapes.prl
2026-07-28 18:52:51,538 - aqt.updater - INFO - updater 140026411046208 Patching /home/hit/Qt/6.11.0/gcc_64/lib/libQt6Gui.prl
2026-07-28 18:52:51,539 - aqt.updater - INFO - updater 140026411046208 Patching /home/hit/Qt/6.11.0/gcc_64/lib/libQt6FbSupport.prl
2026-07-28 18:52:51,539 - aqt.updater - INFO - updater 140026411046208 Patching /home/hit/Qt/6.11.0/gcc_64/lib/libQt6QmlLocalStorage.prl
2026-07-28 18:52:51,539 - aqt.updater - INFO - updater 140026411046208 Patching /home/hit/Qt/6.11.0/gcc_64/lib/libQt6OpenGLWidgets.prl
2026-07-28 18:52:51,539 - aqt.updater - INFO - updater 140026411046208 Patching /home/hit/Qt/6.11.0/gcc_64/lib/libQt6QuickWidgets.prl
2026-07-28 18:52:51,539 - aqt.updater - INFO - updater 140026411046208 Patching /home/hit/Qt/6.11.0/gcc_64/lib/libQt6QuickControls2Impl.prl
2026-07-28 18:52:51,539 - aqt.updater - INFO - updater 140026411046208 Patching /home/hit/Qt/6.11.0/gcc_64/lib/libQt6QmlTypeRegistrar.prl
2026-07-28 18:52:51,539 - aqt.updater - INFO - updater 140026411046208 Patching /home/hit/Qt/6.11.0/gcc_64/lib/libQt6Help.prl
2026-07-28 18:52:51,539 - aqt.updater - INFO - updater 140026411046208 Patching /home/hit/Qt/6.11.0/gcc_64/lib/libQt6LabsWavefrontMesh.prl
2026-07-28 18:52:51,539 - aqt.updater - INFO - updater 140026411046208 Patching /home/hit/Qt/6.11.0/gcc_64/lib/libQt6QmlMeta.prl
2026-07-28 18:52:51,539 - aqt.updater - INFO - updater 140026411046208 Patching /home/hit/Qt/6.11.0/gcc_64/lib/libQt6QuickControls2Material.prl
2026-07-28 18:52:51,539 - aqt.updater - INFO - updater 140026411046208 Patching /home/hit/Qt/6.11.0/gcc_64/lib/libQt6Charts.prl
2026-07-28 18:52:51,539 - aqt.updater - INFO - updater 140026411046208 Patching /home/hit/Qt/6.11.0/gcc_64/lib/libQt6LabsAnimation.prl
2026-07-28 18:52:51,539 - aqt.updater - INFO - updater 140026411046208 Patching /home/hit/Qt/6.11.0/gcc_64/lib/libQt6QuickTest.prl
2026-07-28 18:52:51,539 - aqt.updater - INFO - updater 140026411046208 Patching /home/hit/Qt/6.11.0/gcc_64/lib/libQt6QmlAssetDownloader.prl
2026-07-28 18:52:51,539 - aqt.updater - INFO - updater 140026411046208 Patching /home/hit/Qt/6.11.0/gcc_64/lib/libQt6LabsPlatform.prl
2026-07-28 18:52:51,539 - aqt.updater - INFO - updater 140026411046208 Patching /home/hit/Qt/6.11.0/gcc_64/lib/libQt6QuickControls2.prl
2026-07-28 18:52:51,539 - aqt.updater - INFO - updater 140026411046208 Patching /home/hit/Qt/6.11.0/gcc_64/lib/libQt6QuickTemplates2.prl
2026-07-28 18:52:51,539 - aqt.updater - INFO - updater 140026411046208 Patching /home/hit/Qt/6.11.0/gcc_64/lib/libQt6DeviceDiscoverySupport.prl
2026-07-28 18:52:51,539 - aqt.updater - INFO - updater 140026411046208 Patching /home/hit/Qt/6.11.0/gcc_64/lib/libQt6QuickControls2UniversalStyleImpl.prl
2026-07-28 18:52:51,539 - aqt.updater - INFO - updater 140026411046208 Patching /home/hit/Qt/6.11.0/gcc_64/lib/libQt6QmlDebug.prl
2026-07-28 18:52:51,539 - aqt.updater - INFO - updater 140026411046208 Patching /home/hit/Qt/6.11.0/gcc_64/lib/libQt6EglFsKmsSupport.prl
2026-07-28 18:52:51,539 - aqt.updater - INFO - updater 140026411046208 Patching /home/hit/Qt/6.11.0/gcc_64/lib/libQt6LabsFolderListModel.prl
2026-07-28 18:52:51,539 - aqt.updater - INFO - updater 140026411046208 Patching /home/hit/Qt/6.11.0/gcc_64/lib/libQt6XcbQpa.prl
2026-07-28 18:52:51,539 - aqt.updater - INFO - updater 140026411046208 Patching /home/hit/Qt/6.11.0/gcc_64/lib/libQt6QuickParticles.prl
2026-07-28 18:52:51,539 - aqt.updater - INFO - updater 140026411046208 Patching /home/hit/Qt/6.11.0/gcc_64/lib/libQt6QuickVectorImageGenerator.prl
2026-07-28 18:52:51,539 - aqt.updater - INFO - updater 140026411046208 Patching /home/hit/Qt/6.11.0/gcc_64/lib/libQt6PrintSupport.prl
2026-07-28 18:52:51,540 - aqt.updater - INFO - updater 140026411046208 Patching /home/hit/Qt/6.11.0/gcc_64/lib/libQt6QmlToolingSettings.prl
2026-07-28 18:52:51,540 - aqt.updater - INFO - updater 140026411046208 Patching /home/hit/Qt/6.11.0/gcc_64/lib/libQt6QmlCore.prl
2026-07-28 18:52:51,540 - aqt.updater - INFO - updater 140026411046208 Patching /home/hit/Qt/6.11.0/gcc_64/lib/libQt6Core.prl
2026-07-28 18:52:51,540 - aqt.updater - INFO - updater 140026411046208 Patching /home/hit/Qt/6.11.0/gcc_64/lib/libQt6EglFSDeviceIntegration.prl
2026-07-28 18:52:51,540 - aqt.updater - INFO - updater 140026411046208 Patching /home/hit/Qt/6.11.0/gcc_64/lib/libQt6QmlWorkerScript.prl
2026-07-28 18:52:51,540 - aqt.updater - INFO - updater 140026411046208 Patching /home/hit/Qt/6.11.0/gcc_64/lib/libQt6EglFsKmsGbmSupport.prl
2026-07-28 18:52:51,540 - aqt.updater - INFO - updater 140026411046208 Patching /home/hit/Qt/6.11.0/gcc_64/lib/libQt6QuickVectorImage.prl
2026-07-28 18:52:51,540 - aqt.updater - INFO - updater 140026411046208 Patching /home/hit/Qt/6.11.0/gcc_64/lib/libQt6QuickControls2FusionStyleImpl.prl
2026-07-28 18:52:51,540 - aqt.updater - INFO - updater 140026411046208 Patching /home/hit/Qt/6.11.0/gcc_64/lib/libQt6Designer.prl
2026-07-28 18:52:51,540 - aqt.updater - INFO - updater 140026411046208 Patching /home/hit/Qt/6.11.0/gcc_64/lib/libQt6QuickLayouts.prl
2026-07-28 18:52:51,540 - aqt.updater - INFO - updater 140026411046208 Patching /home/hit/Qt/6.11.0/gcc_64/lib/libQt6QuickDialogs2QuickImpl.prl
2026-07-28 18:52:51,540 - aqt.updater - INFO - updater 140026411046208 Patching /home/hit/Qt/6.11.0/gcc_64/lib/libQt6WaylandClient.prl
2026-07-28 18:52:51,540 - aqt.updater - INFO - updater 140026411046208 Patching /home/hit/Qt/6.11.0/gcc_64/lib/libQt6QuickEffects.prl
2026-07-28 18:52:51,540 - aqt.updater - INFO - updater 140026411046208 Patching /home/hit/Qt/6.11.0/gcc_64/lib/libQt6QmlXmlListModel.prl
2026-07-28 18:52:51,540 - aqt.updater - INFO - updater 140026411046208 Patching /home/hit/Qt/6.11.0/gcc_64/lib/libQt6QuickTestUtils.prl
2026-07-28 18:52:51,540 - aqt.updater - INFO - updater 140026411046208 Patching /home/hit/Qt/6.11.0/gcc_64/lib/libQt6QuickControls2ImagineStyleImpl.prl
2026-07-28 18:52:51,540 - aqt.updater - INFO - updater 140026411046208 Patching /home/hit/Qt/6.11.0/gcc_64/lib/libQt6QuickControls2Basic.prl
2026-07-28 18:52:51,540 - aqt.updater - INFO - updater 140026411046208 Patching /home/hit/Qt/6.11.0/gcc_64/lib/libQt6Qml.prl
2026-07-28 18:52:51,540 - aqt.updater - INFO - updater 140026411046208 Patching /home/hit/Qt/6.11.0/gcc_64/lib/libQt6DBus.prl
2026-07-28 18:52:51,540 - aqt.updater - INFO - updater 140026411046208 Patching /home/hit/Qt/6.11.0/gcc_64/lib/libQt6Sql.prl
2026-07-28 18:52:51,540 - aqt.updater - INFO - updater 140026411046208 Patching /home/hit/Qt/6.11.0/gcc_64/lib/libQt6SvgWidgets.prl
2026-07-28 18:52:51,540 - aqt.updater - INFO - updater 140026411046208 Patching /home/hit/Qt/6.11.0/gcc_64/lib/libQt6UiTools.prl
2026-07-28 18:52:51,540 - aqt.updater - INFO - updater 140026411046208 Patching /home/hit/Qt/6.11.0/gcc_64/lib/libQt6QmlLS.prl
2026-07-28 18:52:51,540 - aqt.updater - INFO - updater 140026411046208 Patching /home/hit/Qt/6.11.0/gcc_64/lib/libQt6LabsSettings.prl
2026-07-28 18:52:51,540 - aqt.updater - INFO - updater 140026411046208 Patching /home/hit/Qt/6.11.0/gcc_64/lib/libQt6QuickControls2FluentWinUI3StyleImpl.prl
2026-07-28 18:52:51,540 - aqt.updater - INFO - updater 140026411046208 Patching /home/hit/Qt/6.11.0/gcc_64/lib/libQt6LabsSynchronizer.prl
2026-07-28 18:52:51,540 - aqt.updater - INFO - updater 140026411046208 Patching /home/hit/Qt/6.11.0/gcc_64/lib/libQt6QmlFormat.prl
2026-07-28 18:52:51,541 - aqt.updater - INFO - updater 140026411046208 Patching /home/hit/Qt/6.11.0/gcc_64/lib/libQt6QmlDom.prl
2026-07-28 18:52:51,541 - aqt.updater - INFO - updater 140026411046208 Patching /home/hit/Qt/6.11.0/gcc_64/lib/libQt6QuickDialogs2Utils.prl
2026-07-28 18:52:51,541 - aqt.updater - INFO - updater 140026411046208 Patching /home/hit/Qt/6.11.0/gcc_64/lib/libQt6KmsSupport.prl
2026-07-28 18:52:51,541 - aqt.updater - INFO - updater 140026411046208 Patching /home/hit/Qt/6.11.0/gcc_64/lib/libQt6QuickControlsTestUtils.prl
2026-07-28 18:52:51,541 - aqt.updater - INFO - updater 140026411046208 Patching /home/hit/Qt/6.11.0/gcc_64/lib/libQt6Svg.prl
2026-07-28 18:52:51,541 - aqt.updater - INFO - updater 140026411046208 Patching /home/hit/Qt/6.11.0/gcc_64/lib/libQt6QuickControls2Imagine.prl
2026-07-28 18:52:51,541 - aqt.updater - INFO - updater 140026411046208 Patching /home/hit/Qt/6.11.0/gcc_64/lib/libQt6QuickControls2Fusion.prl
2026-07-28 18:52:51,541 - aqt.updater - INFO - updater 140026411046208 Patching /home/hit/Qt/6.11.0/gcc_64/lib/libQt6LabsStyleKitImpl.prl
2026-07-28 18:52:51,541 - aqt.updater - INFO - updater 140026411046208 Patching /home/hit/Qt/6.11.0/gcc_64/lib/libQt6Test.prl
2026-07-28 18:52:51,541 - aqt.updater - INFO - updater 140026411046208 Patching /home/hit/Qt/6.11.0/gcc_64/lib/libQt6LabsQmlModels.prl
2026-07-28 18:52:51,541 - aqt.updater - INFO - updater 140026411046208 Patching /home/hit/Qt/6.11.0/gcc_64/lib/libQt6OpenGL.prl
2026-07-28 18:52:51,541 - aqt.updater - INFO - updater 140026411046208 Patching /home/hit/Qt/6.11.0/gcc_64/lib/libQt6QuickControls2Universal.prl
2026-07-28 18:52:51,541 - aqt.updater - INFO - updater 140026411046208 Patching /home/hit/Qt/6.11.0/gcc_64/lib/libQt6QuickVectorImageHelpers.prl
2026-07-28 18:52:51,541 - aqt.updater - INFO - updater 140026411046208 Patching /home/hit/Qt/6.11.0/gcc_64/lib/libQt6ShaderTools.prl
2026-07-28 18:52:51,541 - aqt.updater - INFO - updater 140026411046208 Patching /home/hit/Qt/6.11.0/gcc_64/lib/libQt6QmlCompiler.prl
2026-07-28 18:52:51,541 - aqt.updater - INFO - updater 140026411046208 Patching /home/hit/Qt/6.11.0/gcc_64/lib/libQt6PacketProtocol.prl
2026-07-28 18:52:51,541 - aqt.updater - INFO - updater 140026411046208 Patching /home/hit/Qt/6.11.0/gcc_64/lib/libQt6ChartsQml.prl
2026-07-28 18:52:51,541 - aqt.updater - INFO - updater 140026411046208 Patching /home/hit/Qt/6.11.0/gcc_64/lib/libQt6QmlModels.prl
2026-07-28 18:52:51,541 - aqt.updater - INFO - updater 140026411046208 Patching /home/hit/Qt/6.11.0/gcc_64/lib/libQt6WlShellIntegration.prl
2026-07-28 18:52:51,541 - aqt.updater - INFO - updater 140026411046208 Patching /home/hit/Qt/6.11.0/gcc_64/lib/libQt6Xml.prl
2026-07-28 18:52:51,541 - aqt.updater - INFO - updater 140026411046208 Patching /home/hit/Qt/6.11.0/gcc_64/lib/libQt6LabsStyleKit.prl
2026-07-28 18:52:51,541 - aqt.updater - INFO - updater 140026411046208 Patching /home/hit/Qt/6.11.0/gcc_64/lib/libQt6QuickControls2BasicStyleImpl.prl
2026-07-28 18:52:51,541 - aqt.updater - INFO - updater 140026411046208 Patching /home/hit/Qt/6.11.0/gcc_64/lib/libQt6QuickDialogs2.prl
2026-07-28 18:52:51,541 - aqt.updater - INFO - updater 140026411046208 Patching /home/hit/Qt/6.11.0/gcc_64/lib/libQt6Network.prl
2026-07-28 18:52:51,541 - aqt.updater - INFO - updater 140026411046208 Patching /home/hit/Qt/6.11.0/gcc_64/lib/libQt6LabsSharedImage.prl
2026-07-28 18:52:51,541 - aqt.updater - INFO - updater 140026411046208 Patching /home/hit/Qt/6.11.0/gcc_64/lib/libQt6QuickShapesDesignHelpers.prl
2026-07-28 18:52:51,541 - aqt.updater - INFO - updater 140026411046208 Patching /home/hit/Qt/6.11.0/gcc_64/lib/libQt6QmlNetwork.prl
2026-07-28 18:52:51,542 - aqt.updater - INFO - updater 140026411046208 Patching /home/hit/Qt/6.11.0/gcc_64/lib/libQt6Concurrent.prl
2026-07-28 18:52:51,542 - aqt.updater - INFO - updater 140026411046208 Patching /home/hit/Qt/6.11.0/gcc_64/lib/libQt6QuickControls2MaterialStyleImpl.prl
2026-07-28 18:52:51,542 - aqt.updater - INFO - updater 140026411046208 Patching /home/hit/Qt/6.11.0/gcc_64/lib/libQt6Quick.prl
2026-07-28 18:52:51,542 - aqt.updater - INFO - updater 140026411046208 Patching /home/hit/Qt/6.11.0/gcc_64/lib/libQt6InputSupport.prl
2026-07-28 18:52:51,542 - aqt.updater - INFO - updater 140026411046208 Patching /home/hit/Qt/6.11.0/gcc_64/lib/libQt6Widgets.prl
2026-07-28 18:52:51,542 - aqt.main - INFO - installer 140026411046208 Finished installation
2026-07-28 18:52:51,542 - aqt.main - INFO - installer 140026411046208 Time elapsed: 68.34153410 second
